Activity Type,Date,Favorite,Title,Distance,Calories,Time,Avg HR,Max HR,Aerobic TE,Avg Run Cadence,Max Run Cadence,Avg Pace,Best Pace,Elev Gain,Elev Loss,Avg Stride Length,Avg Vertical Ratio,Avg Vertical Oscillation,Avg Bike Cadence,Max Bike Cadence,Normalized Power® (NP®),L/R Balance,Training Stress Score®,Max Avg Power (20 min),Power,Max Power,Grit,Flow,Total Strokes,Bottom Time,Min Temp,Surface Interval,Decompression,Best Lap Time,Number of Runs,Max Temp
walking,2019-06-29 19:45:53,false,"Lak Si Other","6.74","164","01:24:48","84","117","1.1","--","--","12:35","3:35","--","7","1.46","0.0","0.0","--","--","--","45% L / 55% R","0.0","--","--","--","0.0","0.0","--","0:00","32.0","0:00","No","00:00.00","1","0.0"
cycling,2019-06-22 06:25:34,false,"Bang Phli Cycling","70.36","1,063","02:16:08","138","160","--","--","--","31.0","43.9","9","11","0.00","0.0","0.0","81","118","143","--","114.8","152","130","618","0.0","0.0","10861","0:00","26.0","0:00","No","00:00.00","1","0.0"
cycling,2019-06-20 17:52:11,false,"Bang Phli Cycling","70.29","559","02:04:39","133","167","--","--","--","33.8","52.8","7","13","0.00","0.0","0.0","80","168","90","16% L / 84% R","41.6","94","75","583","0.0","0.0","9839","0:00","26.0","0:00","No","00:01.34","4","0.0"
cycling,2019-06-19 18:15:32,false,"Bang Phli Cycling","70.35","933","02:03:04","138","169","--","--","--","34.3","53.9","4","20","0.00","0.0","0.0","85","163","149","38% L / 62% R","114.1","147","127","740","0.0","0.0","10371","0:00","20.0","0:00","No","00:01.20","4","0.0"
cycling,2019-06-18 17:48:52,false,"Bang Phli Cycling","70.46","923","01:59:57","135","182","--","--","--","35.2","57.8","6","13","0.00","0.0","0.0","78","175","167","45% L / 55% R","139.4","165","128","795","0.0","0.0","9279","0:00","26.0","0:00","No","00:00.77","4","0.0"
cycling,2019-06-16 06:20:43,false,"Bang Phli Cycling","93.74","906","02:38:26","128","157","--","--","--","35.5","54.4","10","14","0.00","0.0","0.0","71","181","122","51% L / 49% R","97.2","111","95","674","0.0","0.0","11046","0:00","23.0","0:00","No","00:00.00","1","0.0"
cycling,2019-06-15 07:00:12,false,"Nong Chok Cycling","217.09","2,728","07:57:38","140","173","--","--","--","27.3","49.1","316","290","0.00","0.0","0.0","76","179","118","50% L / 50% R","276.8","122","95","792","0.0","0.0","31264","0:00","25.0","0:00","No","00:00.00","1","0.0"
cycling,2019-06-13 18:49:52,false,"Bang Phli Cycling","47.18","790","01:34:22","141","163","--","--","--","30.0","44.0","11","17","0.00","0.0","0.0","84","143","151","43% L / 57% R","88.7","157","140","530","0.0","0.0","7884","0:00","27.0","0:00","No","47:08.50","2","0.0"
cycling,2019-06-12 18:01:37,false,"Bang Phli Cycling","46.89","--","01:30:56","139","140","--","--","--","30.9","54.3","97","96","0.00","0.0","0.0","86","181","--","--","0.0","--","--","--","0.0","0.0","--","0:00","0.0","0:00","No","00:00.00","1","0.0"
cycling,2019-06-11 18:05:12,false,"Bang Phli Cycling","70.35","1,063","02:00:31","149","179","--","--","--","35.0","53.9","8","18","0.00","0.0","0.0","83","181","169","44% L / 56% R","142.7","190","147","732","0.0","0.0","9976","0:00","24.0","0:00","No","00:04.82","4","0.0"
cycling,2019-06-10 17:42:37,false,"Bang Phli Cycling","70.36","1,023","02:19:48","140","175","--","--","--","30.2","48.3","7","18","0.00","0.0","0.0","82","173","136","45% L / 55% R","108.1","173","122","503","0.0","0.0","11259","0:00","27.0","0:00","No","00:06.45","4","0.0"
cycling,2019-06-06 17:56:13,false,"Bang Phli Cycling","46.88","630","01:26:35","125","162","--","--","--","32.5","56.2","6","8","0.00","0.0","0.0","83","134","172","44% L / 56% R","106.6","155","121","817","0.0","0.0","7197","0:00","27.0","0:00","No","00:00.00","1","0.0"
cycling,2019-06-04 17:55:40,false,"Bang Phli Cycling","70.44","835","02:03:53","131","165","--","--","--","34.1","55.3","7","8","0.00","0.0","0.0","84","170","161","46% L / 54% R","132.5","156","112","810","0.0","0.0","10250","0:00","28.0","0:00","No","00:00.00","1","0.0"
cycling,2019-06-03 06:24:59,false,"Bang Phli Cycling","93.91","1,123","02:35:48","138","175","--","--","--","36.2","48.2","9","13","0.00","0.0","0.0","81","170","132","45% L / 55% R","113.5","159","120","650","0.0","0.0","12612","0:00","25.0","0:00","No","00:00.00","1","0.0"
cycling,2019-06-02 18:06:54,false,"Bang Phli Cycling","70.38","998","02:09:30","140","167","--","--","--","32.6","56.6","7","17","0.00","0.0","0.0","80","152","160","43% L / 57% R","137.1","166","128","813","0.0","0.0","10199","0:00","26.0","0:00","No","00:00.00","1","0.0"
cycling,2019-06-01 17:58:37,false,"Bang Phli Cycling","70.33","897","02:18:15","127","170","--","--","--","30.5","50.6","11","18","0.00","0.0","0.0","78","156","134","46% L / 54% R","103.5","150","108","690","0.0","0.0","10473","0:00","26.0","0:00","No","00:00.00","1","0.0"
cycling,2019-05-30 18:08:20,false,"Bang Phli Cycling","46.87","657","01:19:53","147","177","--","--","--","35.2","47.1","4","9","0.00","0.0","0.0","85","170","164","44% L / 56% R","88.4","164","137","866","0.0","0.0","6704","0:00","25.0","0:00","No","00:00.00","1","0.0"
cycling,2019-05-29 18:09:18,false,"Bang Phli Cycling","70.30","1,096","02:08:40","140","165","--","--","--","32.8","56.9","3","11","0.00","0.0","0.0","86","165","170","44% L / 56% R","154.1","168","142","738","0.0","0.0","10980","0:00","26.0","0:00","No","00:00.00","1","0.0"
cycling,2019-05-28 18:11:32,false,"Bang Phli Cycling","46.90","649","01:18:44","140","167","--","--","--","35.7","53.0","3","12","0.00","0.0","0.0","80","183","177","45% L / 55% R","102.0","174","138","836","0.0","0.0","6279","0:00","26.0","0:00","No","00:03.08","3","0.0"
cycling,2019-05-26 06:23:40,false,"Bang Phli Cycling","93.82","1,261","03:08:47","138","168","--","--","--","29.8","47.3","11","14","0.00","0.0","0.0","81","167","126","47% L / 53% R","123.7","153","111","616","0.0","0.0","15094","0:00","26.0","0:00","No","00:00.00","1","0.0"
cycling,2019-05-25 06:20:34,false,"Mueang Pathum Thani Cycling","86.46","1,383","03:07:56","144","168","--","--","--","27.6","42.2","45","47","0.00","0.0","0.0","83","174","139","45% L / 55% R","151.2","151","123","521","0.0","0.0","13994","0:00","24.0","0:00","No","00:00.00","1","0.0"
cycling,2019-05-22 17:44:44,false,"Bang Phli Cycling","46.92","797","01:26:13","145","172","--","--","--","32.7","55.8","10","19","0.00","0.0","0.0","89","175","172","43% L / 57% R","105.9","187","154","743","0.0","0.0","7667","0:00","24.0","0:00","No","00:06.07","3","0.0"
cycling,2019-05-21 18:08:21,false,"Bang Phli Cycling","70.63","1,121","02:18:32","140","171","--","--","--","30.6","53.4","13","16","0.00","0.0","0.0","84","172","163","45% L / 55% R","152.5","170","135","711","0.0","0.0","11411","0:00","28.0","0:00","No","00:00.00","1","0.0"
cycling,2019-05-20 06:22:14,false,"Bang Phli Cycling","100.14","1,466","03:12:01","144","171","--","--","--","31.3","53.1","13","18","0.00","0.0","0.0","83","219","145","46% L / 54% R","168.1","170","127","693","0.0","0.0","15691","0:00","26.0","0:00","No","16:55.97","3","0.0"
cycling,2019-05-18 07:00:28,false,"Khlong Luang Cycling","129.96","1,726","04:36:02","143","173","--","--","--","28.2","45.2","219","174","0.00","0.0","0.0","80","245","126","47% L / 53% R","182.6","138","104","774","0.0","0.0","19442","0:00","26.0","0:00","No","00:00.00","1","0.0"
cycling,2019-05-16 18:05:43,false,"Bang Phli Cycling","70.34","910","02:10:38","130","176","--","--","--","32.3","51.1","8","10","0.00","0.0","0.0","81","182","138","44% L / 56% R","103.5","168","116","760","0.0","0.0","10309","0:00","26.0","0:00","No","00:00.00","1","0.0"
cycling,2019-05-15 17:35:55,false,"Bang Phli Cycling","70.31","1,076","02:05:07","150","181","--","--","--","33.7","49.4","7","11","0.00","0.0","0.0","85","150","163","44% L / 56% R","137.5","169","143","622","0.0","0.0","10535","0:00","26.0","0:00","No","00:00.00","1","0.0"
cycling,2019-05-14 17:53:08,false,"Bang Phli Cycling","23.40","417","00:46:57","138","171","--","--","--","29.9","42.0","1","13","0.00","0.0","0.0","87","165","178","43% L / 57% R","61.1","187","148","326","0.0","0.0","4060","0:00","20.0","0:00","No","23:27.67","2","0.0"
cycling,2019-05-11 06:23:12,false,"Bang Phli Cycling","93.95","1,272","02:44:16","146","178","--","--","--","34.3","46.0","8","11","0.00","0.0","0.0","79","172","146","45% L / 55% R","146.1","162","129","627","0.0","0.0","12878","0:00","25.0","0:00","No","00:00.80","3","0.0"
cycling,2019-05-09 18:10:24,false,"Bang Phli Cycling","46.87","683","01:21:08","144","172","--","--","--","34.7","59.0","7","11","0.00","0.0","0.0","88","127","170","45% L / 55% R","96.9","157","140","766","0.0","0.0","7111","0:00","28.0","0:00","No","39:00.93","2","0.0"
cycling,2019-05-08 18:12:24,false,"Bang Phli Cycling","70.33","1,019","02:01:26","149","177","--","--","--","34.8","58.2","8","15","0.00","0.0","0.0","85","141","169","45% L / 55% R","143.2","164","140","697","0.0","0.0","10377","0:00","28.0","0:00","No","39:08.43","3","0.0"
cycling,2019-05-05 06:49:55,false,"Bang Phli Cycling","70.41","813","02:06:49","131","160","--","--","--","33.3","55.1","5","9","0.00","0.0","0.0","77","176","133","47% L / 53% R","92.5","139","107","716","0.0","0.0","9751","0:00","27.0","0:00","No","00:00.00","1","0.0"
cycling,2019-05-04 17:55:55,false,"Bang Phli Cycling","46.89","825","01:35:01","148","172","--","--","--","29.6","53.8","3","12","0.00","0.0","0.0","87","165","160","44% L / 56% R","100.7","165","145","637","0.0","0.0","8172","0:00","28.0","0:00","No","46:39.40","2","0.0"
cycling,2019-05-04 06:54:53,false,"Bang Phli Cycling","46.86","656","01:39:15","130","160","--","--","--","28.3","34.8","2","4","0.00","0.0","0.0","76","157","115","46% L / 54% R","54.5","131","110","310","0.0","0.0","7529","0:00","29.0","0:00","No","00:01.02","2","0.0"
cycling,2019-05-02 18:18:07,false,"Bang Phli Cycling","46.82","720","01:34:27","140","174","--","--","--","29.7","45.6","2","5","0.00","0.0","0.0","81","157","149","44% L / 56% R","87.4","167","127","705","0.0","0.0","7556","0:00","28.0","0:00","No","00:00.00","1","0.0"
cycling,2019-04-30 18:22:11,false,"Bang Phli Cycling","47.23","737","01:32:28","141","175","--","--","--","30.6","60.7","12","21","0.00","0.0","0.0","84","129","164","44% L / 56% R","102.5","179","133","660","0.0","0.0","7665","0:00","28.0","0:00","No","00:00.00","1","0.0"
cycling,2019-04-28 18:33:21,false,"Bang Phli Cycling","46.83","618","01:49:39","109","150","--","--","--","25.6","32.2","2","5","0.00","0.0","0.0","75","156","101","43% L / 57% R","46.4","120","94","352","0.0","0.0","8072","0:00","27.0","0:00","No","00:01.00","3","0.0"
cycling,2019-04-27 16:02:17,false,"Mueang Pathum Thani Cycling","200.85","2,599","07:02:44","148","188","--","--","--","28.5","47.7","111","135","0.00","0.0","0.0","77","183","126","47% L / 53% R","279.0","154","103","678","0.0","0.0","28036","0:00","27.0","0:00","No","00:00.00","1","0.0"
cycling,2019-04-25 17:15:45,false,"Bang Phli Cycling","46.93","630","01:26:09","133","162","--","--","--","32.7","45.5","10","14","0.00","0.0","0.0","84","163","139","46% L / 54% R","68.8","144","122","619","0.0","0.0","7238","0:00","29.0","0:00","No","00:01.97","3","0.0"
cycling,2019-04-24 18:17:13,false,"Bang Phli Cycling","46.92","688","01:20:35","150","181","--","--","--","34.9","55.1","4","8","0.00","0.0","0.0","85","171","158","45% L / 55% R","83.8","167","143","622","0.0","0.0","6883","0:00","28.0","0:00","No","00:03.83","3","0.0"
cycling,2019-04-18 18:47:00,false,"Bang Phli Cycling","46.94","761","01:28:10","146","175","--","--","--","31.9","60.3","7","15","0.00","0.0","0.0","88","147","172","43% L / 57% R","108.2","168","144","855","0.0","0.0","7682","0:00","28.0","0:00","No","00:08.40","3","0.0"
cycling,2019-04-17 06:39:06,false,"Bang Phli Cycling","70.33","1,150","02:24:58","141","167","--","--","--","29.1","45.1","4","13","0.00","0.0","0.0","84","157","145","44% L / 56% R","127.1","172","132","653","0.0","0.0","12096","0:00","26.0","0:00","No","47:09.38","3","0.0"
cycling,2019-04-16 06:48:14,false,"Bang Phli Cycling","70.33","820","02:14:30","--","--","--","--","--","31.4","47.1","7","11","0.00","0.0","0.0","78","183","122","48% L / 52% R","83.5","153","102","818","0.0","0.0","10418","0:00","23.0","0:00","No","42:25.55","3","0.0"
cycling,2019-04-06 19:59:34,false,"Mueang Nakhon Pathom Cycling","634.53","8,174","24:10:59","136","171","--","--","--","26.2","51.2","603","584","0.00","0.0","0.0","74","182","113","46% L / 54% R","767.7","152","94","642","0.0","0.0","95358","0:00","21.0","0:00","No","00:00.00","1","0.0"
other,2019-04-05 21:21:41,false,"Other","0.00","212","00:39:03","91","148","--","--","--","--","--","--","--","0.00","0.0","0.0","--","--","--","--","0.0","--","--","--","0.0","0.0","--","0:00","0.0","0:00","No","00:00.00","1","0.0"
cycling,2019-04-02 18:01:41,false,"Bang Phli Cycling","70.42","900","02:14:34","140","173","--","--","--","31.4","56.4","7","11","0.00","0.0","0.0","84","156","149","31% L / 69% R","123.8","180","112","722","0.0","0.0","11077","0:00","25.0","0:00","No","00:00.00","1","0.0"
cycling,2019-03-31 06:18:43,false,"Bang Phli Cycling","70.35","1,093","02:14:57","136","173","--","--","--","31.3","50.7","2","11","0.00","0.0","0.0","81","181","156","48% L / 52% R","135.8","173","135","614","0.0","0.0","10852","0:00","24.0","0:00","No","40:55.07","3","0.0"
cycling,2019-03-30 06:34:05,false,"Bang Phli Cycling","70.39","953","02:02:42","140","170","--","--","--","34.4","48.7","8","14","0.00","0.0","0.0","78","170","144","47% L / 53% R","106.1","153","130","711","0.0","0.0","9565","0:00","25.0","0:00","No","38:27.27","3","0.0"
cycling,2019-03-28 17:47:40,false,"Bang Phli Cycling","70.63","899","02:01:44","135","171","--","--","--","34.8","61.3","7","15","0.00","0.0","0.0","80","169","163","49% L / 51% R","134.7","154","123","797","0.0","0.0","9634","0:00","26.0","0:00","No","00:47.08","4","0.0"
cycling,2019-03-27 18:12:26,false,"Bang Phli Cycling","46.91","669","01:18:07","146","174","--","--","--","36.0","59.2","4","9","0.00","0.0","0.0","85","160","167","44% L / 56% R","89.8","176","143","680","0.0","0.0","6660","0:00","25.0","0:00","No","36:59.40","2","0.0"
cycling,2019-03-26 17:42:08,false,"Bang Phli Cycling","70.40","1,118","02:08:49","144","171","--","--","--","32.8","59.6","8","16","0.00","0.0","0.0","84","167","164","44% L / 56% R","143.4","179","145","738","0.0","0.0","10783","0:00","26.0","0:00","No","39:28.35","3","0.0"
cycling,2019-03-24 18:27:23,false,"Bang Phli Cycling","46.89","684","01:28:11","131","163","--","--","--","31.9","52.3","4","7","0.00","0.0","0.0","84","159","160","45% L / 55% R","93.7","152","129","621","0.0","0.0","7430","0:00","25.0","0:00","No","00:00.00","1","0.0"
cycling,2019-03-23 06:26:49,false,"Bang Phli Cycling","70.37","1,110","02:18:07","144","166","--","--","--","30.6","36.0","4","7","0.00","0.0","0.0","80","155","139","45% L / 55% R","110.2","157","134","384","0.0","0.0","11017","0:00","23.0","0:00","No","45:07.60","3","0.0"
cycling,2019-03-21 17:55:47,false,"Bang Phli Cycling","70.42","1,137","02:15:43","143","173","--","--","--","31.1","45.2","4","17","0.00","0.0","0.0","84","163","147","45% L / 55% R","121.6","155","140","433","0.0","0.0","11335","0:00","25.0","0:00","No","44:57.03","3","0.0"
cycling,2019-03-19 18:27:56,false,"Bang Phli - Cycling","46.87","740","01:23:20","143","170","--","--","--","33.7","52.3","5","12","0.00","0.0","0.0","82","166","172","44% L / 56% R","101.7","181","148","630","0.0","0.0","6778","0:00","26.0","0:00","No","40:08.100","2","0.0"
cycling,2019-03-17 18:25:22,false,"Bang Phli - Cycling","46.88","378","02:16:23","96","135","--","--","--","20.6","25.8","4","6","0.00","0.0","0.0","58","151","55","47% L / 53% R","16.9","66","46","239","0.0","0.0","7425","0:00","25.0","0:00","No","00:00.00","1","0.0"
cycling,2019-03-16 07:00:46,false,"Bang Bua Thong - Cycling","402.32","5,490","14:11:26","134","176","--","--","--","28.4","47.1","277","278","0.00","0.0","0.0","77","183","125","47% L / 53% R","551.5","140","108","676","0.0","0.0","59650","0:00","22.0","0:00","No","00:00.00","1","0.0"
cycling,2019-03-14 18:03:33,false,"Bang Phli - Cycling","70.73","1,140","02:07:38","149","173","--","--","--","33.2","57.4","17","21","0.00","0.0","0.0","84","148","172","44% L / 56% R","156.9","167","149","692","0.0","0.0","10546","0:00","25.0","0:00","No","00:00.00","1","0.0"
cycling,2019-03-13 18:01:39,false,"Bang Phli - Cycling","46.88","602","01:38:45","118","152","--","--","--","28.5","55.1","5","6","0.00","0.0","0.0","76","163","130","45% L / 55% R","69.3","143","102","698","0.0","0.0","7344","0:00","25.0","0:00","No","00:00.00","1","0.0"
cycling,2019-03-12 18:06:33,false,"Bang Phli - Cycling","72.40","1,018","02:00:59","145","175","--","--","--","35.9","54.0","11","11","0.00","0.0","0.0","86","158","178","46% L / 54% R","159.9","173","141","719","0.0","0.0","10220","0:00","24.0","0:00","No","05:20.64","4","0.0"
cycling,2019-03-10 07:05:02,false,"Bang Phli - Cycling","70.42","958","02:04:59","139","173","--","--","--","33.8","51.7","6","15","0.00","0.0","0.0","83","158","149","47% L / 53% R","114.9","154","128","679","0.0","0.0","10272","0:00","24.0","0:00","No","00:00.00","1","0.0"
cycling,2019-03-09 06:48:40,false,"Bang Phli - Cycling","93.96","1,300","02:56:20","148","177","--","--","--","32.0","53.3","11","21","0.00","0.0","0.0","78","172","141","49% L / 51% R","145.2","159","123","646","0.0","0.0","13619","0:00","23.0","0:00","No","36:37.07","4","0.0"
cycling,2019-03-07 18:14:44,false,"Bang Phli - Cycling","46.91","727","01:24:10","144","175","--","--","--","33.4","54.5","7","9","0.00","0.0","0.0","81","159","177","44% L / 56% R","108.9","177","144","771","0.0","0.0","6710","0:00","24.0","0:00","No","00:00.00","1","0.0"
cycling,2019-03-05 18:22:19,false,"Bang Phli - Cycling","47.22","609","01:23:25","135","185","3.7","--","--","34.0","53.3","33","41","0.00","0.0","0.0","80","153","170","45% L / 55% R","94.0","171","131","750","0.0","0.0","--","0:00","29.0","0:00","No","09:37.29","6","0.0"
cycling,2019-03-03 12:28:04,false,"Kaeng Krachan - Cycling","4.24","41","00:13:25","--","--","--","--","--","19.0","31.8","22","21","0.00","0.0","0.0","61","155","83","44% L / 56% R","3.8","--","52","365","0.0","0.0","571","0:00","32.0","0:00","No","00:00.00","1","0.0"
cycling,2019-03-03 06:45:25,false,"Kaeng Krachan - Cycling","104.03","1,553","03:57:24","134","188","--","--","--","26.3","74.2","743","747","0.00","0.0","0.0","68","182","157","47% L / 53% R","242.0","167","109","805","0.0","0.0","14338","0:00","21.0","0:00","No","00:00.00","1","0.0"
cycling,2019-03-02 06:45:11,false,"Bang Phli - Cycling","46.95","613","01:18:56","129","171","--","--","--","35.7","57.4","2","6","0.00","0.0","0.0","75","162","154","46% L / 54% R","77.6","171","130","709","0.0","0.0","5840","0:00","24.0","0:00","No","00:00.00","1","0.0"
cycling,2019-02-28 17:44:24,false,"Bang Phli Cycling","70.41","1,076","02:15:59","136","175","--","--","--","31.1","58.2","18","14","0.00","0.0","0.0","81","183","171","45% L / 55% R","157.4","175","137","763","0.0","0.0","10287","0:00","25.0","0:00","No","00:00.00","1","0.0"
cycling,2019-02-27 18:31:02,false,"Bang Phli Cycling","46.90","793","01:25:15","147","169","--","--","--","33.0","56.9","6","12","0.00","0.0","0.0","81","163","180","46% L / 54% R","114.4","184","155","700","0.0","0.0","6875","0:00","25.0","0:00","No","00:00.00","1","0.0"
cycling,2019-02-26 18:08:09,false,"Bang Phli Cycling","46.88","780","01:38:27","133","167","--","--","--","28.6","55.8","5","9","0.00","0.0","0.0","75","171","170","46% L / 54% R","117.4","151","132","629","0.0","0.0","7388","0:00","24.0","0:00","No","00:00.00","1","0.0"
cycling,2019-02-24 07:00:46,false,"Mueang Pathum Thani Cycling","201.32","2,615","08:21:50","144","186","--","--","--","24.1","48.1","137","122","0.00","0.0","0.0","76","183","117","48% L / 52% R","266.0","139","91","671","0.0","0.0","29164","0:00","23.0","0:00","No","00:00.00","1","0.0"
cycling,2019-02-23 06:26:18,false,"Bang Phli Cycling","50.13","565","01:32:10","123","168","--","--","--","32.6","43.3","3","5","0.00","0.0","0.0","79","146","128","45% L / 55% R","62.5","156","102","518","0.0","0.0","7158","0:00","22.0","0:00","No","00:00.00","1","0.0"
cycling,2019-02-19 07:00:57,false,"Nong Chok Cycling","203.90","2,866","08:17:48","142","181","--","--","--","24.6","39.1","167","162","0.00","0.0","0.0","77","251","116","45% L / 55% R","276.8","123","96","838","0.0","0.0","33462","0:00","21.0","0:00","No","59:43.55","2","0.0"
cycling,2019-02-16 08:24:08,false,"Mueang Prachin Buri Cycling","126.43","2,839","06:43:37","141","185","--","--","--","18.8","80.8","2,450","2,475","0.00","0.0","0.0","69","175","161","44% L / 56% R","435.1","176","117","666","0.0","0.0","23638","0:00","21.0","0:00","No","00:00.00","1","0.0"
cycling,2019-02-12 17:54:52,false,"Bang Phli Cycling","68.55","934","01:50:16","142","176","--","--","--","37.3","60.2","11","12","0.00","0.0","0.0","82","178","187","42% L / 58% R","159.5","187","141","915","0.0","0.0","8946","0:00","26.0","0:00","No","01:10:04.48","2","0.0"
cycling,2019-02-10 17:31:40,false,"Bang Phli Cycling","94.20","1,631","03:00:58","148","179","--","--","--","31.2","49.6","14","16","0.00","0.0","0.0","78","163","165","43% L / 57% R","203.7","186","150","635","0.0","0.0","14107","0:00","24.0","0:00","No","41:25.57","4","0.0"
cycling,2019-02-06 18:09:32,false,"Bang Phli Cycling","50.34","804","01:43:50","128","150","--","--","--","29.1","42.1","5","15","0.00","0.0","0.0","84","155","139","40% L / 60% R","83.7","150","129","567","0.0","0.0","8519","0:00","24.0","0:00","No","45:38.40","3","0.0"
cycling,2019-02-05 17:50:30,false,"Bang Phli Cycling","70.44","1,025","01:58:36","141","166","--","--","--","35.6","55.4","6","14","0.00","0.0","0.0","85","181","165","41% L / 59% R","134.4","171","144","844","0.0","0.0","10047","0:00","25.0","0:00","No","36:12.30","3","0.0"
cycling,2019-02-05 06:22:36,false,"Bang Phli Cycling","94.11","1,472","02:49:07","141","171","--","--","--","33.4","48.0","14","19","0.00","0.0","0.0","78","170","158","42% L / 58% R","176.1","187","145","565","0.0","0.0","13237","0:00","23.0","0:00","No","01:19:01.20","2","0.0"
cycling,2019-02-03 17:18:43,false,"Bang Phli Cycling","70.36","1,127","01:58:05","150","175","--","--","--","35.8","49.7","12","16","0.00","0.0","0.0","84","172","169","41% L / 59% R","139.5","180","159","623","0.0","0.0","9886","0:00","25.0","0:00","No","00:00.00","1","0.0"
cycling,2019-02-02 07:58:17,false,"Mueang Prachin Buri Cycling","93.36","1,962","04:28:16","141","180","--","--","--","20.9","75.1","1,655","1,654","0.00","0.0","0.0","71","231","162","44% L / 56% R","291.8","178","122","593","0.0","0.0","16296","0:00","18.0","0:00","No","05:33.40","7","0.0"
cycling,2019-01-27 08:14:55,false,"Mueang Prachin Buri Cycling","87.38","1,904","04:02:47","138","178","--","--","--","21.6","68.2","1,678","1,661","0.00","0.0","0.0","73","210","168","43% L / 57% R","284.9","186","131","555","0.0","0.0","15504","0:00","16.0","0:00","No","00:00.00","1","0.0"
cycling,2019-01-26 17:45:32,false,"Bang Phli Cycling","50.16","737","01:33:29","129","158","--","--","--","32.2","40.4","9","13","0.00","0.0","0.0","78","169","148","43% L / 57% R","85.3","173","131","465","0.0","0.0","7219","0:00","23.0","0:00","No","00:00.00","2","0.0"
cycling,2019-01-24 17:27:53,false,"Bang Phli Cycling","70.37","731","01:52:18","132","188","--","--","--","37.6","52.5","7","11","0.00","0.0","0.0","--","--","--","--","0.0","--","--","--","0.0","0.0","--","0:00","23.0","0:00","No","00:00.00","3","0.0"
cycling,2019-01-22 17:51:33,false,"Bang Phli Cycling","70.44","657","01:56:36","129","157","--","--","--","36.2","49.3","9","15","0.00","0.0","0.0","--","--","--","--","0.0","--","--","--","0.0","0.0","--","0:00","24.0","0:00","No","00:00.00","3","0.0"
running,2019-01-20 05:59:55,false,"Hat Yai Running","10.97","726","01:22:08","169","184","5.0","151","169","7:29","5:36","42","50","0.88","0.0","0.0","--","--","--","--","0.0","--","--","--","0.0","0.0","--","0:00","27.0","0:00","No","00:00.00","7","0.0"
cycling,2019-01-17 18:00:06,false,"Bang Phli Cycling","46.96","652","01:12:36","154","180","--","--","--","38.8","51.8","5","11","0.00","0.0","0.0","--","--","--","--","0.0","--","--","--","0.0","0.0","--","0:00","26.0","0:00","No","00:00.00","2","0.0"
cycling,2019-01-15 17:56:23,false,"Bang Phli Cycling","70.63","742","02:18:33","124","152","--","--","--","30.6","37.4","8","15","0.00","0.0","0.0","--","--","--","--","0.0","--","--","--","0.0","0.0","--","0:00","24.0","0:00","No","00:00.00","3","0.0"
road_biking,2019-01-13 17:19:08,false,"Bang Phli Road Cycling","70.67","463","01:53:14","118","118","--","--","--","37.4","49.8","11","12","0.00","0.0","0.0","--","--","--","--","0.0","--","--","--","0.0","0.0","--","0:00","27.0","0:00","No","00:00.00","3","0.0"
road_biking,2019-01-12 06:21:53,false,"Bang Phli Road Cycling","117.75","1,200","03:23:54","141","173","--","--","--","34.6","45.6","18","18","0.00","0.0","0.0","--","--","--","--","0.0","--","--","--","0.0","0.0","--","0:00","21.0","0:00","No","00:00.00","5","0.0"
road_biking,2019-01-10 18:04:30,false,"Bang Phli Road Cycling","70.69","847","01:59:41","147","181","--","--","--","35.4","45.4","19","24","0.00","0.0","0.0","--","--","--","--","0.0","--","--","--","0.0","0.0","--","0:00","24.0","0:00","No","00:00.00","3","0.0"
road_biking,2019-01-09 17:44:34,false,"Bang Phli Road Cycling","46.79","581","01:23:21","139","174","--","--","--","33.7","46.4","3","9","0.00","0.0","0.0","--","--","--","--","0.0","--","--","--","0.0","0.0","--","0:00","25.0","0:00","No","00:00.00","1","0.0"
road_biking,2019-01-08 18:00:57,false,"Bang Phli Road Cycling","46.98","612","01:14:49","141","174","--","--","--","37.7","61.7","10","11","0.00","0.0","0.0","84","136","173","50% L / 50% R","40.0","156","137","765","0.0","0.0","5969","0:00","24.0","0:00","No","00:00.00","2","0.0"
road_biking,2019-01-06 07:09:16,false,"Pak Chong Road Cycling","81.14","1,600","03:57:40","140","187","--","--","--","20.5","62.9","1,553","1,550","0.00","0.0","0.0","72","107","156","50% L / 50% R","104.4","171","112","493","0.0","0.0","13308","0:00","17.0","0:00","No","00:00.00","1","0.0"
road_biking,2019-01-05 06:22:20,false,"Bang Phli Road Cycling","93.95","1,143","02:54:41","136","169","--","--","--","32.3","49.8","13","18","0.00","0.0","0.0","78","116","126","50% L / 50% R","49.6","144","109","561","0.0","0.0","13221","0:00","21.0","0:00","No","00:00.00","1","0.0"
road_biking,2019-01-04 18:38:01,false,"Bang Phli Road Cycling","23.72","319","00:48:26","136","174","--","--","--","29.4","36.6","8","12","0.00","0.0","0.0","91","114","129","50% L / 50% R","14.3","152","110","355","0.0","0.0","4314","0:00","21.0","0:00","No","00:00.00","1","0.0"
road_biking,2019-01-03 17:51:01,false,"Bang Phli Road Cycling","72.36","857","02:00:57","157","181","--","--","--","35.9","45.5","14","21","0.00","0.0","0.0","78","122","132","50% L / 50% R","38.1","149","118","611","0.0","0.0","8607","0:00","22.0","0:00","No","00:00.00","4","0.0"
road_biking,2018-12-28 07:02:50,false,"Bang Phli Road Cycling","70.39","874","02:09:57","--","--","--","--","--","32.5","44.0","7","11","0.00","0.0","0.0","75","112","124","50% L / 50% R","82.9","135","112","515","0.0","0.0","9409","0:00","22.0","0:00","No","00:00.00","2","0.0"
road_biking,2018-12-25 07:14:27,false,"Mueang Nan Road Cycling","164.83","2,237","06:40:07","137","188","--","--","--","24.7","69.9","1,635","1,596","0.00","0.0","0.0","74","132","131","50% L / 50% R","285.6","139","93","557","0.0","0.0","23634","0:00","11.0","0:00","No","00:00.00","3","0.0"
road_biking,2018-12-24 14:38:38,false,"Mae Tha Road Cycling","18.32","454","00:26:44","--","--","--","--","--","41.1","85.4","62","206","0.00","0.0","0.0","--","--","--","--","0.0","--","--","--","0.0","0.0","--","0:00","24.0","0:00","No","00:00.00","3","0.0"
road_biking,2018-12-24 07:33:07,false,"Mueang Chiang Mai Road Cycling","29.16","497","01:39:58","140","179","--","--","--","17.5","50.2","661","671","0.00","0.0","0.0","70","112","146","50% L / 50% R","87.4","135","83","1,040","0.0","0.0","4801","0:00","14.0","0:00","No","00:00.00","1","0.0"
road_biking,2018-12-23 06:17:09,false,"Mueang Chiang Mai Road Cycling","110.00","1,945","06:27:04","118","173","--","--","--","17.1","59.6","2,027","2,011","0.00","0.0","0.0","61","198","131","50% L / 50% R","271.9","139","84","570","0.0","0.0","17061","0:00","12.0","0:00","No","00:00.00","1","0.0"
road_biking,2018-12-19 18:08:43,false,"Bang Phli Road Cycling","70.35","818","02:03:00","135","168","--","--","--","34.3","42.7","3","5","0.00","0.0","0.0","79","113","124","50% L / 50% R","78.7","132","111","521","0.0","0.0","9284","0:00","24.0","0:00","No","00:00.00","1","0.0"
road_biking,2018-12-18 18:17:11,false,"Bang Phli Road Cycling","46.84","468","01:24:11","115","139","--","--","--","33.4","47.1","3","5","0.00","0.0","0.0","74","119","134","50% L / 50% R","63.0","116","93","636","0.0","0.0","5964","0:00","24.0","0:00","No","00:00.00","1","0.0"
road_biking,2018-12-16 07:48:50,false,"Pak Chong Road Cycling","70.11","1,365","03:29:48","132","184","--","--","--","20.1","61.6","1,310","1,287","0.00","0.0","0.0","67","114","152","50% L / 50% R","200.5","169","109","607","0.0","0.0","10852","0:00","16.0","0:00","No","00:00.00","1","0.0"
road_biking,2018-12-15 06:30:59,false,"Bang Phli Road Cycling","70.35","810","02:10:14","--","--","--","--","--","32.4","44.8","4","7","0.00","0.0","0.0","75","133","113","50% L / 50% R","69.3","121","104","436","0.0","0.0","9399","0:00","19.0","0:00","No","00:00.00","1","0.0"
road_biking,2018-12-14 18:06:20,false,"Bang Phli Road Cycling","47.19","583","01:40:04","119","154","--","--","--","28.3","37.6","9","12","0.00","0.0","0.0","81","103","108","50% L / 50% R","48.1","118","97","339","0.0","0.0","7867","0:00","23.0","0:00","No","00:00.00","1","0.0"
road_biking,2018-12-13 17:52:20,false,"Bang Phli Road Cycling","70.62","929","02:07:31","137","175","--","--","--","33.2","49.5","11","14","0.00","0.0","0.0","80","132","148","50% L / 50% R","116.4","151","122","632","0.0","0.0","9832","0:00","23.0","0:00","No","00:00.00","3","0.0"
road_biking,2018-12-11 17:45:19,false,"Bang Phli Road Cycling","70.36","873","01:59:53","141","177","--","--","--","35.2","46.9","2","7","0.00","0.0","0.0","79","131","137","50% L / 50% R","93.6","146","121","587","0.0","0.0","8904","0:00","26.0","0:00","No","00:00.00","3","0.0"
road_biking,2018-12-10 06:25:38,false,"Bang Phli Road Cycling","94.21","1,115","02:56:26","127","173","--","--","--","32.0","47.7","10","13","0.00","0.0","0.0","74","126","125","50% L / 50% R","113.8","142","105","446","0.0","0.0","12644","0:00","21.0","0:00","No","00:00.00","4","0.0"
road_biking,2018-12-09 06:53:45,false,"Pak Chong Road Cycling","68.05","1,300","03:35:57","135","180","--","--","--","18.9","61.2","1,314","1,321","0.00","0.0","0.0","65","101","148","50% L / 50% R","196.9","158","100","509","0.0","0.0","10587","0:00","16.0","0:00","No","00:00.00","1","0.0"
road_biking,2018-12-05 06:31:23,false,"Bang Phli Road Cycling","70.46","701","01:58:33","132","175","--","--","--","35.7","46.0","3","7","0.00","0.0","0.0","74","104","120","50% L / 50% R","70.6","141","99","509","0.0","0.0","8149","0:00","23.0","0:00","No","00:00.00","1","0.0"
road_biking,2018-12-04 18:05:58,false,"Bang Phli Road Cycling","46.88","367","02:12:53","95","126","--","--","--","21.2","26.0","3","3","0.00","0.0","0.0","59","87","49","49% L / 51% R","13.4","59","46","198","0.0","0.0","7494","0:00","27.0","0:00","No","00:00.00","2","0.0"
road_biking,2018-12-02 06:01:13,false,"Ban Na Road Cycling","211.15","3,060","08:24:39","145","186","--","--","--","25.1","67.7","1,831","1,821","0.00","0.0","0.0","70","142","134","50% L / 50% R","332.8","162","105","1,033","0.0","0.0","25470","0:00","18.0","0:00","No","00:00.00","1","0.0"
road_biking,2018-12-01 06:33:08,false,"Bang Phli Road Cycling","46.94","527","01:28:33","131","156","--","--","--","31.8","38.1","2","4","0.00","0.0","0.0","80","101","107","50% L / 50% R","42.0","121","99","370","0.0","0.0","7003","0:00","23.0","0:00","No","00:00.00","1","0.0"
road_biking,2018-11-29 17:42:16,false,"Bang Phli Road Cycling","70.13","731","01:57:17","134","159","--","--","--","35.9","45.9","4","6","0.00","0.0","0.0","75","151","114","50% L / 50% R","63.7","121","104","564","0.0","0.0","8328","0:00","25.0","0:00","No","00:00.00","1","0.0"
road_biking,2018-11-27 17:08:45,false,"Bang Phli Road Cycling","81.24","1,057","02:38:09","137","177","--","--","--","30.8","44.7","9","18","0.00","0.0","0.0","77","120","129","50% L / 50% R","108.7","142","111","574","0.0","0.0","11360","0:00","22.0","0:00","No","00:00.00","1","0.0"
road_biking,2018-11-26 17:13:28,false,"Bang Phli Road Cycling","94.12","1,298","02:59:49","137","166","--","--","--","31.4","44.3","12","16","0.00","0.0","0.0","74","167","128","50% L / 50% R","121.9","143","121","701","0.0","0.0","12871","0:00","25.0","0:00","No","00:00.00","4","0.0"
road_biking,2018-11-24 22:08:40,false,"Pak Chong Road Cycling","43.71","662","01:53:37","116","157","--","--","--","23.1","56.8","388","395","0.00","0.0","0.0","62","137","133","50% L / 50% R","83.7","122","97","692","0.0","0.0","5184","0:00","17.0","0:00","No","00:00.00","1","0.0"
road_biking,2018-11-24 07:23:30,false,"Pak Chong Road Cycling","129.36","1,790","05:36:09","136","183","--","--","--","23.1","67.9","1,264","1,241","0.00","0.0","0.0","64","187","140","50% L / 50% R","274.0","138","89","1,050","0.0","0.0","15271","0:00","17.0","0:00","No","00:00.00","1","0.0"
road_biking,2018-11-22 18:15:44,false,"Lak Si Road Cycling","42.26","583","01:31:21","142","173","--","--","--","27.8","34.7","6","10","0.00","0.0","0.0","85","117","116","50% L / 50% R","50.8","123","106","559","0.0","0.0","7037","0:00","26.0","0:00","No","00:00.00","1","0.0"
road_biking,2018-11-18 17:51:43,false,"Lak Si Road Cycling","81.62","1,067","03:07:24","127","165","--","--","--","26.1","32.7","13","18","0.00","0.0","0.0","83","101","100","50% L / 50% R","78.3","103","95","518","0.0","0.0","14292","0:00","22.0","0:00","No","00:00.00","1","0.0"
road_biking,2018-11-17 06:27:29,false,"Mueang Pathum Thani Road Cycling","86.10","1,149","02:52:25","153","179","--","--","--","30.0","44.4","33","41","0.00","0.0","0.0","75","127","125","50% L / 50% R","111.9","135","111","491","0.0","0.0","11659","0:00","22.0","0:00","No","00:00.00","1","0.0"
virtual_run,2018-11-15 19:20:48,false,"Running","1.30","84","00:07:55.7","161","175","--","148","172","6:05","2:17","--","--","1.11","0.0","0.0","--","--","--","--","0.0","--","--","--","0.0","0.0","--","0:00","0.0","0:00","No","00:00.00","1","0.0"
running,2018-11-15 18:48:55,false,"Lak Si Other","7.70","538","00:57:42","113","129","1.5","--","--","7:30","3:57","--","10","1.75","0.0","0.0","--","--","--","--","0.0","--","--","--","0.0","0.0","--","0:00","29.0","0:00","No","00:00.00","1","0.0"
road_biking,2018-11-11 06:28:25,false,"Bang Phli Road Cycling","100.19","1,261","03:05:48","142","183","--","--","--","32.4","45.7","8","11","0.00","0.0","0.0","70","101","125","50% L / 50% R","120.2","144","113","483","0.0","0.0","12500","0:00","22.0","0:00","No","00:00.00","1","0.0"
road_biking,2018-11-10 17:36:01,false,"Bang Phli Road Cycling","70.68","832","02:11:12","134","159","--","--","--","32.3","49.5","9","15","0.00","0.0","0.0","77","125","118","50% L / 50% R","75.4","131","106","511","0.0","0.0","9451","0:00","24.0","0:00","No","00:00.00","3","0.0"
road_biking,2018-11-10 06:20:46,false,"Bang Phli Road Cycling","100.17","1,051","03:00:00","139","180","--","--","--","33.4","53.5","5","13","0.00","0.0","0.0","73","121","121","50% L / 50% R","109.0","128","97","621","0.0","0.0","12358","0:00","22.0","0:00","No","00:00.00","2","0.0"
road_biking,2018-11-07 17:41:49,false,"Bang Phli Road Cycling","70.40","918","02:16:19","140","173","--","--","--","31.0","53.2","4","7","0.00","0.0","0.0","71","123","153","50% L / 50% R","132.2","151","112","765","0.0","0.0","9164","0:00","25.0","0:00","No","00:00.00","3","0.0"
road_biking,2018-11-06 17:41:23,false,"Bang Phli Road Cycling","93.95","1,080","02:46:03","138","179","--","--","--","33.9","42.4","4","10","0.00","0.0","0.0","76","126","120","50% L / 50% R","98.9","131","109","506","0.0","0.0","11863","0:00","25.0","0:00","No","00:00.00","4","0.0"
road_biking,2018-11-05 17:56:42,false,"Bang Phli Road Cycling","46.82","511","01:35:48","119","167","--","--","--","29.3","43.8","3","6","0.00","0.0","0.0","74","99","120","50% L / 50% R","57.0","125","89","477","0.0","0.0","6815","0:00","26.0","0:00","No","00:00.00","2","0.0"
road_biking,2018-11-04 06:09:37,false,"Bang Phli Road Cycling","100.17","1,319","03:11:53","152","178","--","--","--","31.3","44.8","10","17","0.00","0.0","0.0","76","129","126","50% L / 50% R","126.5","149","115","479","0.0","0.0","14027","0:00","21.0","0:00","No","00:00.00","4","0.0"
walking,2018-11-02 17:25:28,false,"Walking","0.51","45","00:12:00","90","136","--","106","228","23:32","5:15","--","--","0.40","0.0","0.0","--","--","--","--","0.0","--","--","--","0.0","0.0","--","0:00","0.0","0:00","No","00:00.00","1","0.0"
road_biking,2018-11-02 06:10:48,false,"Thung Song Road Cycling","52.70","795","01:50:16","133","175","--","--","--","28.7","54.1","229","244","0.00","0.0","0.0","73","101","149","50% L / 50% R","101.2","147","120","516","0.0","0.0","6699","0:00","20.0","0:00","No","00:00.00","1","0.0"
road_biking,2018-11-01 07:57:38,false,"Thung Song Road Cycling","6.41","67","00:17:24","110","129","--","--","--","22.1","31.9","8","10","0.00","0.0","0.0","54","92","87","50% L / 50% R","5.3","--","64","187","0.0","0.0","706","0:00","25.0","0:00","No","00:00.00","1","0.0"
road_biking,2018-11-01 06:14:56,false,"Thung Song Road Cycling","42.02","677","01:32:02","137","172","--","--","--","27.4","47.2","136","146","0.00","0.0","0.0","81","143","157","50% L / 50% R","93.7","161","123","977","0.0","0.0","5823","0:00","19.0","0:00","No","00:00.00","1","0.0"
walking,2018-10-31 17:50:01,false,"Walking","0.17","32","00:19:22","65","92","--","84","170","--","7:02","--","--","0.11","0.0","0.0","--","--","--","--","0.0","--","--","--","0.0","0.0","--","0:00","0.0","0:00","No","00:00.00","1","0.0"
road_biking,2018-10-30 17:56:19,false,"Bang Phli Road Cycling","46.86","521","01:44:12","111","133","--","--","--","27.0","31.6","2","3","0.00","0.0","0.0","76","97","88","50% L / 50% R","33.6","98","83","318","0.0","0.0","7774","0:00","25.0","0:00","No","00:00.00","1","0.0"
road_biking,2018-10-28 18:01:45,false,"Bang Phli Road Cycling","46.86","496","01:44:52","116","147","--","--","--","26.8","32.3","3","5","0.00","0.0","0.0","77","98","85","50% L / 50% R","31.8","99","79","368","0.0","0.0","7695","0:00","26.0","0:00","No","00:00.00","1","0.0"
road_biking,2018-10-27 07:02:07,false,"Mueang Pathum Thani Road Cycling","199.02","2,299","07:06:52","148","174","--","--","--","28.0","41.8","123","111","0.00","0.0","0.0","70","127","109","50% L / 50% R","211.3","133","90","633","0.0","0.0","24713","0:00","23.0","0:00","No","00:00.00","1","0.0"
road_biking,2018-10-26 17:13:46,false,"Bang Phli Road Cycling","23.41","323","00:44:11","147","176","--","--","--","31.8","45.5","7","11","0.00","0.0","0.0","83","113","141","50% L / 50% R","36.3","152","122","424","0.0","0.0","3586","0:00","21.0","0:00","No","00:00.00","1","0.0"
road_biking,2018-10-25 17:44:58,false,"Bang Phli Road Cycling","70.73","841","01:54:58","146","173","--","--","--","36.9","50.6","11","14","0.00","0.0","0.0","77","155","136","50% L / 50% R","88.0","144","122","661","0.0","0.0","8049","0:00","25.0","0:00","No","00:00.00","3","0.0"
road_biking,2018-10-24 17:50:40,false,"Bang Phli Road Cycling","70.31","935","02:16:44","138","172","--","--","--","30.9","45.6","1","6","0.00","0.0","0.0","85","102","123","50% L / 50% R","85.3","142","114","493","0.0","0.0","11451","0:00","23.0","0:00","No","00:00.00","3","0.0"
walking,2018-10-24 12:59:25,false,"Walking","0.97","57","00:14:46","92","115","--","102","180","15:13","7:00","--","--","0.64","0.0","0.0","--","--","--","--","0.0","--","--","--","0.0","0.0","--","0:00","0.0","0:00","No","00:00.00","1","0.0"
road_biking,2018-10-23 09:51:42,false,"Bang Phli Road Cycling","46.95","544","01:54:35","110","141","--","--","--","24.6","29.7","6","6","0.00","0.0","0.0","67","81","81","50% L / 50% R","31.3","87","79","292","0.0","0.0","7612","0:00","25.0","0:00","No","00:00.00","2","0.0"
road_biking,2018-10-21 17:59:50,false,"Bang Phli Road Cycling","46.91","545","01:54:19","108","141","--","--","--","24.6","28.6","3","5","0.00","0.0","0.0","77","97","82","50% L / 50% R","32.3","89","80","406","0.0","0.0","8570","0:00","22.0","0:00","No","00:00.00","2","0.0"
road_biking,2018-10-19 17:18:47,false,"Bang Phli Road Cycling","94.11","1,172","02:53:35","151","182","--","--","--","32.5","50.5","11","15","0.00","0.0","0.0","72","104","134","50% L / 50% R","128.7","141","113","604","0.0","0.0","11529","0:00","25.0","0:00","No","00:00.00","1","0.0"
road_biking,2018-10-17 17:42:04,false,"Bang Phli Road Cycling","70.32","991","02:18:19","150","175","--","--","--","30.5","42.9","2","6","0.00","0.0","0.0","81","114","127","50% L / 50% R","93.3","138","120","356","0.0","0.0","10688","0:00","25.0","0:00","No","00:00.00","3","0.0"
walking,2018-10-17 07:59:51,false,"Walking","0.13","69","00:41:42","70","100","--","78","170","--","7:02","--","--","0.04","0.0","0.0","--","--","--","--","0.0","--","--","--","0.0","0.0","--","0:00","0.0","0:00","No","00:00.00","1","0.0"
road_biking,2018-10-13 06:44:52,false,"Bang Phli Road Cycling","99.99","1,187","03:06:39","145","171","--","--","--","32.1","46.9","11","14","0.00","0.0","0.0","69","134","121","50% L / 50% R","113.3","136","106","549","0.0","0.0","12090","0:00","24.0","0:00","No","00:00.00","1","0.0"
road_biking,2018-10-12 18:19:50,false,"Bang Phli Road Cycling","47.15","663","01:33:59","132","163","--","--","--","30.1","48.9","7","11","0.00","0.0","0.0","89","102","136","50% L / 50% R","72.5","155","118","589","0.0","0.0","8182","0:00","26.0","0:00","No","00:00.00","2","0.0"
road_biking,2018-10-09 17:45:21,false,"Bang Phli Road Cycling","46.94","547","01:08:05","157","173","--","--","--","41.4","50.6","3","6","0.00","0.0","0.0","75","126","157","50% L / 50% R","69.5","148","134","617","0.0","0.0","4455","0:00","26.0","0:00","No","00:00.00","2","0.0"
road_biking,2018-10-08 17:51:54,false,"Bang Phli Road Cycling","46.81","609","01:37:16","--","--","--","--","--","28.9","33.9","--","7","0.00","0.0","0.0","85","101","111","50% L / 50% R","49.5","135","105","331","0.0","0.0","8114","0:00","25.0","0:00","No","00:00.00","2","0.0"
road_biking,2018-10-07 07:02:15,false,"Phra Nakhon Si Ayutthaya Road Cycling","199.71","2,253","07:27:57","132","179","--","--","--","26.8","49.4","119","89","0.00","0.0","0.0","68","107","109","50% L / 50% R","223.1","109","84","1,720","0.0","0.0","22626","0:00","22.0","0:00","No","00:00.00","2","0.0"
road_biking,2018-10-06 07:05:26,false,"Bang Phli Road Cycling","46.86","662","01:30:51","142","175","--","--","--","30.9","45.0","1","9","0.00","0.0","0.0","82","122","136","50% L / 50% R","70.1","142","122","591","0.0","0.0","7284","0:00","24.0","0:00","No","00:00.00","2","0.0"
road_biking,2018-10-03 18:28:09,false,"Bang Phli Road Cycling","46.86","643","01:32:50","131","163","--","--","--","30.3","33.9","2","6","0.00","0.0","0.0","88","101","123","50% L / 50% R","58.2","143","116","466","0.0","0.0","8129","0:00","26.0","0:00","No","00:00.00","2","0.0"
road_biking,2018-10-02 17:44:29,false,"Bang Phli Road Cycling","70.38","805","02:03:07","146","173","--","--","--","34.3","53.7","4","10","0.00","0.0","0.0","78","131","148","50% L / 50% R","111.4","134","109","707","0.0","0.0","8924","0:00","24.0","0:00","No","00:00.00","3","0.0"
road_biking,2018-10-01 17:43:07,false,"Bang Phli Road Cycling","5.43","63","00:12:52","118","144","--","--","--","25.3","31.3","--","4","0.00","0.0","0.0","80","97","94","50% L / 50% R","4.6","--","83","226","0.0","0.0","984","0:00","26.0","0:00","No","00:00.00","1","0.0"
road_biking,2018-09-30 17:32:32,false,"Bang Phli Road Cycling","46.90","655","01:30:18","144","167","--","--","--","31.2","36.2","2","5","0.00","0.0","0.0","79","101","128","50% L / 50% R","60.9","137","121","300","0.0","0.0","6895","0:00","27.0","0:00","No","00:00.00","1","0.0"
indoor_cardio,2018-09-28 18:21:32,false,"Cardio","0.00","995","01:39:55","129","164","--","--","--","--","--","--","--","0.00","0.0","0.0","--","--","--","--","0.0","--","--","--","0.0","0.0","--","0:00","0.0","0:00","No","00:00.00","1","0.0"
road_biking,2018-09-22 07:00:18,false,"Chom Bueng Road Cycling","608.59","6,495","26:07:55","131","188","--","--","--","23.3","71.0","5,616","5,619","0.00","0.0","0.0","72","127","106","--","729.5","141","69","532","0.0","0.0","92227","0:00","19.0","0:00","No","00:00.00","1","0.0"
road_biking,2018-09-19 17:21:29,false,"Bang Phli Road Cycling","70.30","701","02:49:49","126","175","--","--","--","24.8","33.9","7","10","0.00","0.0","0.0","71","108","79","--","44.4","105","69","505","0.0","0.0","11426","0:00","23.0","0:00","No","00:00.00","1","0.0"
road_biking,2018-09-18 17:58:53,false,"Bang Phli Road Cycling","46.87","644","01:38:25","134","169","--","--","--","28.6","55.7","10","19","0.00","0.0","0.0","81","128","135","--","74.8","149","109","748","0.0","0.0","7663","0:00","25.0","0:00","No","00:00.00","1","0.0"
road_biking,2018-09-16 06:21:52,false,"Bang Phli Road Cycling","46.87","616","01:37:26","125","149","--","--","--","28.9","40.6","4","9","0.00","0.0","0.0","80","100","113","50% L / 50% R","52.0","124","105","396","0.0","0.0","7513","0:00","21.0","0:00","No","00:00.00","1","0.0"
road_biking,2018-09-15 07:01:05,false,"Mueang Nakhon Pathom Road Cycling","201.11","2,413","07:12:09","141","177","--","--","--","27.9","43.7","134","113","0.00","0.0","0.0","80","134","113","--","228.2","130","93","741","0.0","0.0","28972","0:00","22.0","0:00","No","00:00.00","1","0.0"
road_biking,2018-09-13 17:39:53,false,"Bang Phli Road Cycling","46.77","563","01:13:44","148","170","--","--","--","38.1","55.3","7","16","0.00","0.0","0.0","88","118","137","--","57.5","140","128","566","0.0","0.0","6381","0:00","24.0","0:00","No","00:00.00","3","0.0"
road_biking,2018-09-12 17:36:23,false,"Bang Phli Road Cycling","70.42","871","01:52:18","148","177","--","--","--","37.6","48.9","14","22","0.00","0.0","0.0","85","113","140","--","91.7","150","129","672","0.0","0.0","9437","0:00","25.0","0:00","No","00:00.00","3","0.0"
road_biking,2018-09-11 17:43:18,false,"Bang Phli Road Cycling","70.46","811","01:59:14","138","176","--","--","--","35.5","50.5","14","20","0.00","0.0","0.0","81","115","136","--","92.0","135","113","563","0.0","0.0","9559","0:00","26.0","0:00","No","00:00.00","1","0.0"
road_biking,2018-09-09 06:46:38,false,"Bang Phli Road Cycling","117.35","1,444","03:29:56","141","165","--","--","--","33.5","46.6","24","29","0.00","0.0","0.0","81","116","122","--","130.9","136","115","595","0.0","0.0","17000","0:00","23.0","0:00","No","00:00.00","1","0.0"
road_biking,2018-09-08 06:44:52,false,"Bang Phli Road Cycling","117.52","1,496","03:40:00","145","187","--","--","--","32.1","49.3","23","31","0.00","0.0","0.0","81","122","119","--","130.0","134","113","548","0.0","0.0","17744","0:00","24.0","0:00","No","00:00.00","1","0.0"
road_biking,2018-09-06 17:35:45,false,"Bang Phli Road Cycling","93.88","1,110","03:00:41","133","168","--","--","--","31.2","46.2","11","35","0.00","0.0","0.0","81","105","112","--","94.1","128","102","544","0.0","0.0","14442","0:00","21.0","0:00","No","00:00.00","1","0.0"
road_biking,2018-09-05 17:20:30,false,"Bang Phli Road Cycling","23.40","281","00:40:03","143","174","--","--","--","35.1","55.3","1","7","0.00","0.0","0.0","91","127","147","--","35.4","134","117","658","0.0","0.0","3612","0:00","25.0","0:00","No","00:00.00","1","0.0"
road_biking,2018-09-04 19:15:04,false,"Bang Phli Road Cycling","23.43","290","00:42:17","141","171","--","--","--","33.2","45.4","2","9","0.00","0.0","0.0","85","122","130","--","29.6","142","115","449","0.0","0.0","3589","0:00","23.0","0:00","No","00:00.00","1","0.0"
road_biking,2018-09-02 06:50:14,false,"Bang Phli Road Cycling","46.88","569","01:31:55","137","163","--","--","--","30.6","36.8","4","6","0.00","0.0","0.0","79","98","112","--","47.8","126","103","305","0.0","0.0","7277","0:00","24.0","0:00","No","00:00.00","1","0.0"
road_biking,2018-09-01 07:05:29,false,"Mueang Pathum Thani Road Cycling","204.47","2,191","08:01:34","130","185","--","--","--","25.5","41.5","163","142","0.00","0.0","0.0","73","115","99","--","198.0","112","76","580","0.0","0.0","28764","0:00","24.0","0:00","No","00:00.00","1","0.0"
road_biking,2018-08-30 17:49:43,false,"Bang Phli Road Cycling","70.33","992","02:10:33","152","176","--","--","--","32.3","45.7","16","26","0.00","0.0","0.0","85","109","134","--","97.3","159","127","319","0.0","0.0","11085","0:00","25.0","0:00","No","00:00.00","3","0.0"
road_biking,2018-08-29 18:02:17,false,"Bang Phli Road Cycling","46.91","563","01:37:20","136","170","--","--","--","28.9","47.3","10","19","0.00","0.0","0.0","76","104","126","--","64.4","128","97","487","0.0","0.0","6798","0:00","26.0","0:00","No","00:00.00","2","0.0"
road_biking,2018-08-25 06:59:56,false,"Chom Bueng Road Cycling","397.10","5,113","16:46:24","136","195","--","--","--","23.7","62.6","3,721","3,713","0.00","0.0","0.0","75","213","115","--","555.4","126","85","972","0.0","0.0","59704","0:00","19.0","0:00","No","00:00.00","5","0.0"
road_biking,2018-08-22 18:09:08,false,"Bang Phli Road Cycling","46.86","534","01:32:00","136","167","--","--","--","30.6","44.0","9","14","0.00","0.0","0.0","86","113","109","--","45.5","131","97","293","0.0","0.0","7697","0:00","23.0","0:00","No","00:00.00","1","0.0"
road_biking,2018-08-21 17:38:40,false,"Bang Phli Road Cycling","93.91","1,047","02:51:01","140","169","--","--","--","32.9","51.4","12","22","0.00","0.0","0.0","83","122","120","--","102.2","136","102","636","0.0","0.0","13845","0:00","25.0","0:00","No","00:00.00","1","0.0"
road_biking,2018-08-20 17:38:40,false,"Bang Phli Road Cycling","70.34","923","02:19:35","148","172","--","--","--","30.2","55.6","14","20","0.00","0.0","0.0","83","115","121","--","85.2","134","110","537","0.0","0.0","11441","0:00","25.0","0:00","No","00:00.00","1","0.0"
road_biking,2018-08-17 18:10:06,false,"Bang Phli Road Cycling","46.86","640","01:28:28","147","185","--","--","--","31.8","43.3","8","18","0.00","0.0","0.0","87","110","127","--","59.4","139","121","338","0.0","0.0","7596","0:00","25.0","0:00","No","00:00.00","1","0.0"
road_biking,2018-08-16 18:47:17,false,"Bang Phli Road Cycling","23.45","262","00:42:47","144","170","--","--","--","32.9","48.9","4","7","0.00","0.0","0.0","76","115","130","--","29.6","136","102","602","0.0","0.0","3029","0:00","25.0","0:00","No","00:00.00","1","0.0"
road_biking,2018-08-16 17:37:43,false,"Bang Phli Road Cycling","46.93","535","01:09:23","155","173","--","--","--","40.6","55.0","7","11","0.00","0.0","0.0","84","118","139","--","55.5","141","129","594","0.0","0.0","5782","0:00","25.0","0:00","No","00:00.00","1","0.0"
road_biking,2018-08-14 17:52:15,false,"Bang Phli Road Cycling","46.86","477","01:57:14","112","159","--","--","--","24.0","35.4","4","10","0.00","0.0","0.0","69","135","94","--","42.8","135","68","416","0.0","0.0","7762","0:00","25.0","0:00","No","00:00.00","1","0.0"
road_biking,2018-08-13 06:27:18,false,"Bang Phli Road Cycling","93.96","995","02:39:54","132","165","--","--","--","35.3","53.5","14","28","0.00","0.0","0.0","76","115","121","--","96.7","129","104","575","0.0","0.0","11946","0:00","24.0","0:00","No","00:00.00","1","0.0"
road_biking,2018-08-12 06:32:00,false,"Bang Phli Road Cycling","94.18","1,136","02:54:25","146","171","--","--","--","32.4","47.7","30","38","0.00","0.0","0.0","81","110","117","--","99.2","131","109","496","0.0","0.0","13815","0:00","24.0","0:00","No","00:00.00","1","0.0"
road_biking,2018-08-11 17:41:02,false,"Bang Phli Road Cycling","46.94","591","01:37:23","126","157","--","--","--","28.9","48.7","8","13","0.00","0.0","0.0","80","96","121","--","59.1","135","101","410","0.0","0.0","7541","0:00","24.0","0:00","No","00:00.00","1","0.0"
road_biking,2018-08-09 17:50:10,false,"Bang Phli Road Cycling","70.47","802","01:52:32","155","176","--","--","--","37.6","54.4","9","18","0.00","0.0","0.0","88","118","133","--","83.0","135","119","703","0.0","0.0","9670","0:00","25.0","0:00","No","00:00.00","1","0.0"
road_biking,2018-08-08 17:55:54,false,"Bang Phli Road Cycling","70.37","807","02:22:42","129","166","--","--","--","29.6","56.0","6","20","0.00","0.0","0.0","77","128","116","--","79.1","128","94","501","0.0","0.0","10786","0:00","25.0","0:00","No","00:00.00","1","0.0"
road_biking,2018-08-06 17:50:55,false,"Bang Phli Road Cycling","70.40","864","02:24:14","133","168","--","--","--","29.3","42.7","7","19","0.00","0.0","0.0","83","104","110","--","71.9","126","100","354","0.0","0.0","11472","0:00","24.0","0:00","No","00:00.00","1","0.0"
road_biking,2018-08-05 06:33:29,false,"Bang Phli Road Cycling","100.20","1,220","03:02:51","149","180","--","--","--","32.9","51.5","30","33","0.00","0.0","0.0","82","114","122","--","113.5","132","111","633","0.0","0.0","14472","0:00","24.0","0:00","No","00:00.00","1","0.0"
road_biking,2018-08-04 06:46:47,false,"Bang Phli Road Cycling","100.19","1,091","02:59:35","149","178","--","--","--","33.5","49.4","36","34","0.00","0.0","0.0","79","112","111","--","92.7","114","101","652","0.0","0.0","13937","0:00","25.0","0:00","No","00:00.00","1","0.0"
road_biking,2018-08-02 17:05:25,false,"Bang Phli Road Cycling","117.28","1,304","03:40:31","151","192","--","--","--","31.9","49.6","38","51","0.00","0.0","0.0","81","116","111","--","112.2","127","99","654","0.0","0.0","17434","0:00","25.0","0:00","No","00:00.00","1","0.0"
road_biking,2018-07-28 06:11:13,false,"Sattahip Road Cycling","25.05","421","01:15:04","134","180","--","--","--","20.0","53.6","268","278","0.00","0.0","0.0","70","119","151","--","71.0","122","93","552","0.0","0.0","3703","0:00","24.0","0:00","No","00:00.00","1","0.0"
road_biking,2018-07-26 17:21:26,false,"Bang Phli Road Cycling","51.60","642","01:32:26","142","175","--","--","--","33.5","58.3","7","13","0.00","0.0","0.0","80","121","144","--","79.9","143","116","706","0.0","0.0","7222","0:00","26.0","0:00","No","00:00.00","1","0.0"
road_biking,2018-07-22 07:19:39,false,"Bang Phli Road Cycling","93.83","1,038","02:55:46","143","165","--","--","--","32.0","46.2","19","23","0.00","0.0","0.0","80","106","109","--","86.7","130","98","606","0.0","0.0","13708","0:00","25.0","0:00","No","00:00.00","1","0.0"
road_biking,2018-07-21 19:04:33,false,"Bang Phli Road Cycling","46.78","615","01:31:20","151","178","--","--","--","30.7","37.0","5","9","0.00","0.0","0.0","75","94","118","--","52.6","133","112","290","0.0","0.0","6782","0:00","26.0","0:00","No","00:00.00","1","0.0"
road_biking,2018-07-21 18:26:42,false,"Bang Phli Road Cycling","23.52","293","00:37:42","154","178","--","--","--","37.4","51.7","2","8","0.00","0.0","0.0","83","126","152","--","35.8","141","130","603","0.0","0.0","3125","0:00","26.0","0:00","No","00:00.00","1","0.0"
road_biking,2018-07-18 17:27:15,false,"Bang Phli Road Cycling","70.30","936","01:55:22","152","178","--","--","--","36.6","56.5","21","26","0.00","0.0","0.0","79","110","153","--","111.5","165","135","600","0.0","0.0","9003","0:00","24.0","0:00","No","00:00.00","1","0.0"
road_biking,2018-07-16 17:28:48,false,"Bang Phli Road Cycling","46.86","611","01:35:11","128","152","--","--","--","29.5","42.5","6","11","0.00","0.0","0.0","81","102","113","--","50.7","123","107","442","0.0","0.0","7639","0:00","25.0","0:00","No","00:00.00","1","0.0"
road_biking,2018-07-15 07:34:10,false,"Bang Phli Road Cycling","70.23","779","02:00:40","146","176","--","--","--","34.9","56.2","28","30","0.00","0.0","0.0","80","116","128","--","82.1","122","108","644","0.0","0.0","9361","0:00","26.0","0:00","No","00:00.00","1","0.0"
road_biking,2018-07-15 06:22:14,false,"Bang Phli Road Cycling","47.12","505","01:11:46","150","178","--","--","--","39.4","52.4","15","18","0.00","0.0","0.0","90","126","134","--","53.1","143","117","682","0.0","0.0","6388","0:00","24.0","0:00","No","00:00.00","1","0.0"
road_biking,2018-07-14 17:32:57,false,"Bang Phli Road Cycling","23.40","352","00:47:26","143","169","--","--","--","29.6","36.8","5","9","0.00","0.0","0.0","80","104","137","--","36.6","136","124","368","0.0","0.0","3737","0:00","21.0","0:00","No","00:00.00","1","0.0"
road_biking,2018-07-13 17:47:34,false,"Bang Phli Road Cycling","93.78","1,156","03:09:58","143","172","--","--","--","29.6","46.3","25","42","0.00","0.0","0.0","79","107","115","--","105.3","138","101","393","0.0","0.0","14693","0:00","25.0","0:00","No","00:00.00","1","0.0"
road_biking,2018-07-10 18:06:41,false,"Bang Phli Road Cycling","46.85","605","01:26:41","145","167","--","--","--","32.4","50.1","10","14","0.00","0.0","0.0","89","112","131","--","61.9","136","116","518","0.0","0.0","7631","0:00","26.0","0:00","No","00:00.00","1","0.0"
road_biking,2018-07-09 17:44:01,false,"Bang Phli Road Cycling","23.43","270","00:48:40","122","144","--","--","--","28.9","42.1","10","26","0.00","0.0","0.0","78","102","104","--","21.8","115","93","361","0.0","0.0","3599","0:00","20.0","0:00","No","00:00.00","1","0.0"
road_biking,2018-07-08 06:55:58,false,"Bang Phli Road Cycling","46.88","544","01:28:51","133","168","--","--","--","31.7","45.7","9","12","0.00","0.0","0.0","83","110","116","--","49.9","116","102","490","0.0","0.0","7153","0:00","25.0","0:00","No","00:00.00","1","0.0"
road_biking,2018-07-07 06:56:12,false,"Bang Phli Road Cycling","70.40","801","01:59:31","152","177","--","--","--","35.3","54.1","17","23","0.00","0.0","0.0","85","129","129","--","82.1","128","112","684","0.0","0.0","10059","0:00","25.0","0:00","No","00:00.00","1","0.0"
road_biking,2018-07-05 18:09:48,false,"Bang Phli Road Cycling","70.40","948","02:07:04","152","177","--","--","--","33.2","55.4","11","16","0.00","0.0","0.0","88","132","134","--","94.3","150","124","699","0.0","0.0","11083","0:00","26.0","0:00","No","00:00.00","1","0.0"
road_biking,2018-07-04 17:47:39,false,"Bang Phli Road Cycling","46.89","614","01:26:10","154","174","--","--","--","32.7","54.0","12","13","0.00","0.0","0.0","87","118","133","--","63.0","138","119","561","0.0","0.0","7474","0:00","26.0","0:00","No","00:00.00","1","0.0"
road_biking,2018-07-01 17:29:18,false,"Bang Phli Road Cycling","100.11","1,187","03:18:11","149","180","--","--","--","30.3","40.7","14","25","0.00","0.0","0.0","88","113","108","--","96.8","123","100","502","0.0","0.0","17241","0:00","26.0","0:00","No","00:00.00","1","0.0"
road_biking,2018-06-29 17:57:49,false,"Bang Phli Road Cycling","50.14","615","01:37:19","144","168","--","--","--","30.9","40.5","10","10","0.00","0.0","0.0","90","112","115","--","53.2","124","105","287","0.0","0.0","8706","0:00","26.0","0:00","No","00:00.00","1","0.0"
road_biking,2018-06-25 18:00:58,false,"Bang Phli Road Cycling","46.95","489","01:31:59","125","149","--","--","--","30.6","38.3","5","9","0.00","0.0","0.0","89","122","95","--","34.2","110","89","402","0.0","0.0","8155","0:00","26.0","0:00","No","00:00.00","1","0.0"
road_biking,2018-06-24 06:38:58,false,"Bang Phli Road Cycling","117.36","1,391","03:17:22","143","175","--","--","--","35.7","51.8","31","37","0.00","0.0","0.0","84","124","138","--","157.1","139","118","661","0.0","0.0","16411","0:00","25.0","0:00","No","00:00.00","1","0.0"
road_biking,2018-06-23 06:47:25,false,"Bang Phli Road Cycling","93.85","1,429","02:39:55","156","177","--","--","--","35.2","53.2","36","40","0.00","0.0","0.0","--","--","--","--","0.0","--","--","--","0.0","0.0","--","0:00","25.0","0:00","No","00:00.00","1","0.0"
road_biking,2018-06-21 17:38:48,false,"Bang Phli Road Cycling","75.06","943","02:08:58","--","--","--","--","--","34.9","53.7","20","28","0.00","0.0","0.0","87","121","140","--","104.2","143","121","713","0.0","0.0","11002","0:00","26.0","0:00","No","00:00.00","1","0.0"
road_biking,2018-06-20 17:35:36,false,"Bang Phli Road Cycling","46.94","571","01:23:19","144","167","--","--","--","33.8","45.6","11","13","0.00","0.0","0.0","94","125","124","--","52.9","125","114","602","0.0","0.0","7771","0:00","27.0","0:00","No","00:00.00","1","0.0"
road_biking,2018-06-19 18:04:59,false,"Bang Phli Road Cycling","46.85","676","01:29:19","154","174","--","--","--","31.5","43.8","8","14","0.00","0.0","0.0","94","112","137","--","69.1","150","126","330","0.0","0.0","8324","0:00","26.0","0:00","No","00:00.00","1","0.0"
road_biking,2018-06-17 06:53:47,false,"Bang Phli Road Cycling","70.42","808","02:00:44","148","181","--","--","--","35.0","55.0","16","24","0.00","0.0","0.0","85","123","129","--","83.3","141","112","756","0.0","0.0","10275","0:00","24.0","0:00","No","00:00.00","1","0.0"
road_biking,2018-06-16 07:07:08,false,"Bang Phli Road Cycling","46.86","514","01:28:21","137","180","--","--","--","31.8","51.4","11","12","0.00","0.0","0.0","84","118","127","--","59.3","112","97","604","0.0","0.0","7302","0:00","26.0","0:00","No","00:00.00","1","0.0"
road_biking,2018-06-12 17:39:29,false,"Bang Phli Road Cycling","70.44","799","02:00:40","147","178","--","--","--","35.0","56.1","21","26","0.00","0.0","0.0","84","122","136","--","92.4","144","110","735","0.0","0.0","10025","0:00","26.0","0:00","No","00:00.00","1","0.0"
road_biking,2018-06-11 18:16:16,false,"Bang Phli Road Cycling","46.86","654","01:30:36","145","183","--","--","--","31.0","50.3","8","14","0.00","0.0","0.0","86","106","131","--","64.9","142","120","470","0.0","0.0","7781","0:00","25.0","0:00","No","00:00.00","1","0.0"
road_biking,2018-06-08 18:23:52,false,"Bang Phli Road Cycling","23.41","234","00:55:06","116","151","--","--","--","25.5","34.7","1","5","0.00","0.0","0.0","89","108","76","--","13.2","79","71","518","0.0","0.0","4802","0:00","25.0","0:00","No","00:00.00","1","0.0"
road_biking,2018-06-07 18:15:09,false,"Bang Phli Road Cycling","46.89","610","01:26:46","144","179","--","--","--","32.4","54.2","12","18","0.00","0.0","0.0","86","124","142","--","72.1","160","117","589","0.0","0.0","7396","0:00","27.0","0:00","No","00:00.00","1","0.0"
road_biking,2018-06-06 18:38:19,false,"Bang Phli Road Cycling","23.41","243","00:50:23","110","129","--","--","--","27.9","32.3","1","4","0.00","0.0","0.0","74","92","83","--","14.3","85","81","210","0.0","0.0","3744","0:00","24.0","0:00","No","00:00.00","1","0.0"
road_biking,2018-06-04 17:43:02,false,"Bang Phli Road Cycling","46.84","457","01:52:41","108","146","--","--","--","24.9","38.4","7","17","0.00","0.0","0.0","75","90","73","--","25.1","84","68","240","0.0","0.0","8347","0:00","27.0","0:00","No","00:00.00","1","0.0"
road_biking,2018-06-02 06:59:59,false,"Chom Bueng Road Cycling","303.34","4,202","13:16:49","137","183","--","--","--","22.8","71.1","3,117","3,121","0.00","0.0","0.0","71","124","117","--","453.2","137","88","513","0.0","0.0","44940","0:00","20.0","0:00","No","00:00.00","1","0.0"
road_biking,2018-05-31 18:10:35,false,"Bang Phli Road Cycling","46.86","616","01:30:13","152","181","--","--","--","31.2","43.5","6","12","0.00","0.0","0.0","93","124","128","--","61.7","139","114","409","0.0","0.0","8345","0:00","26.0","0:00","No","00:00.00","1","0.0"
road_biking,2018-05-28 17:36:54,false,"Bang Phli Road Cycling","70.37","852","02:13:27","134","164","--","--","--","31.6","47.6","13","20","0.00","0.0","0.0","79","109","129","50% L / 50% R","92.6","135","106","582","0.0","0.0","10192","0:00","27.0","0:00","No","00:00.00","1","0.0"
road_biking,2018-05-27 18:55:13,false,"Bang Phli Road Cycling","46.84","640","01:29:17","145","166","--","--","--","31.5","45.6","4","12","0.00","0.0","0.0","87","107","124","50% L / 50% R","57.3","137","120","312","0.0","0.0","7683","0:00","26.0","0:00","No","00:00.00","1","0.0"
road_biking,2018-05-26 06:38:13,false,"Bang Phli Road Cycling","93.95","999","02:36:48","147","172","--","--","--","36.0","45.4","21","37","0.00","0.0","0.0","74","112","115","50% L / 50% R","86.7","119","106","519","0.0","0.0","10542","0:00","24.0","0:00","No","00:00.00","1","0.0"
road_biking,2018-05-25 17:56:51,false,"Bang Phli Road Cycling","46.85","629","01:29:29","145","168","--","--","--","31.4","40.5","6","7","0.00","0.0","0.0","91","120","122","50% L / 50% R","55.6","135","117","398","0.0","0.0","8014","0:00","25.0","0:00","No","00:00.00","1","0.0"
road_biking,2018-05-24 17:39:24,false,"Bang Phli Road Cycling","70.43","831","02:02:51","141","182","--","--","--","34.4","59.0","14","21","0.00","0.0","0.0","78","158","153","50% L / 50% R","119.2","131","113","768","0.0","0.0","8994","0:00","25.0","0:00","No","00:00.00","1","0.0"
road_biking,2018-05-21 17:18:45,false,"Bang Phli Road Cycling","70.42","850","01:59:55","147","174","--","--","--","35.2","42.7","14","25","0.00","0.0","0.0","76","130","126","50% L / 50% R","79.1","134","118","512","0.0","0.0","8531","0:00","25.0","0:00","No","00:00.00","1","0.0"
road_biking,2018-05-20 19:00:42,false,"Bang Phli Road Cycling","23.37","228","00:56:47","118","150","--","--","--","24.7","29.0","4","4","0.00","0.0","0.0","58","76","73","50% L / 50% R","12.5","80","67","190","0.0","0.0","3107","0:00","26.0","0:00","No","00:00.00","1","0.0"
road_biking,2018-05-20 17:44:53,false,"Bang Phli Road Cycling","46.92","544","01:15:39","153","177","--","--","--","37.2","52.7","16","17","0.00","0.0","0.0","74","128","145","50% L / 50% R","65.5","137","120","678","0.0","0.0","5149","0:00","27.0","0:00","No","00:00.00","1","0.0"
road_biking,2018-05-16 18:44:39,false,"Bang Phli Road Cycling","22.77","224","00:41:50","135","170","--","--","--","32.7","43.6","6","8","0.00","0.0","0.0","59","100","105","50% L / 50% R","19.1","94","89","395","0.0","0.0","2214","0:00","26.0","0:00","No","00:00.00","1","0.0"
road_biking,2018-05-16 17:31:20,false,"Bang Phli Road Cycling","47.63","503","01:13:11","151","175","--","--","--","39.0","51.5","11","15","0.00","0.0","0.0","74","133","123","50% L / 50% R","45.5","123","115","601","0.0","0.0","4942","0:00","27.0","0:00","No","00:00.00","1","0.0"
road_biking,2018-05-09 18:03:10,false,"Bang Phli Road Cycling","46.92","577","01:20:09","144","167","--","--","--","35.1","50.5","11","19","0.00","0.0","0.0","75","141","140","50% L / 50% R","65.5","130","120","657","0.0","0.0","5700","0:00","27.0","0:00","No","00:00.00","1","0.0"
road_biking,2018-05-08 17:41:35,false,"Bang Phli Road Cycling","46.90","552","01:22:21","146","174","--","--","--","34.2","47.5","8","13","0.00","0.0","0.0","76","127","129","50% L / 50% R","56.6","132","112","658","0.0","0.0","5673","0:00","24.0","0:00","No","00:00.00","1","0.0"
road_biking,2018-05-07 18:12:13,false,"Bang Phli Road Cycling","46.89","504","01:31:44","127","158","--","--","--","30.7","50.5","7","11","0.00","0.0","0.0","80","109","108","--","44.1","109","92","696","0.0","0.0","7252","0:00","25.0","0:00","No","00:00.00","1","0.0"
road_biking,2018-05-05 07:01:22,false,"Mueang Nakhon Pathom Road Cycling","399.36","4,604","13:32:20","140","196","--","--","--","29.5","72.2","893","902","0.00","0.0","0.0","70","157","112","--","421.8","128","94","567","0.0","0.0","50750","0:00","22.0","0:00","No","00:00.00","1","0.0"
road_biking,2018-05-01 08:23:41,false,"Bang Phli Road Cycling","23.16","317","00:39:28","150","164","--","--","--","35.2","48.4","8","9","0.00","0.0","0.0","73","99","141","--","32.3","144","134","589","0.0","0.0","2836","0:00","26.0","0:00","No","00:00.00","1","0.0"
road_biking,2018-05-01 06:30:01,false,"Bang Phli Road Cycling","70.70","902","01:53:29","148","180","--","--","--","37.4","45.8","35","42","0.00","0.0","0.0","84","117","146","--","99.8","163","133","718","0.0","0.0","9535","0:00","21.0","0:00","No","00:00.00","1","0.0"
road_biking,2018-04-29 10:16:38,false,"Bang Phli Road Cycling","23.21","300","00:48:47","143","160","--","--","--","28.5","35.5","3","3","0.00","0.0","0.0","71","94","107","50% L / 50% R","23.0","113","103","395","0.0","0.0","3398","0:00","26.0","0:00","No","00:00.00","1","0.0"
road_biking,2018-04-29 06:46:56,false,"Bang Phli Road Cycling","117.66","1,335","03:21:53","137","182","--","--","--","35.0","49.2","20","25","0.00","0.0","0.0","72","102","122","50% L / 50% R","124.7","133","110","564","0.0","0.0","13801","0:00","22.0","0:00","No","00:00.00","1","0.0"
road_biking,2018-04-28 06:25:01,false,"Bang Phli Road Cycling","46.87","685","01:30:49","144","178","--","--","--","31.0","35.7","7","13","0.00","0.0","0.0","82","126","132","50% L / 50% R","65.3","145","126","402","0.0","0.0","7391","0:00","22.0","0:00","No","00:00.00","1","0.0"
road_biking,2018-04-25 18:22:14,false,"Bang Phli Road Cycling","46.86","671","01:28:23","142","161","--","--","--","31.8","41.7","5","11","0.00","0.0","0.0","85","125","133","50% L / 50% R","64.5","137","127","312","0.0","0.0","7342","0:00","25.0","0:00","No","00:00.00","1","0.0"
road_biking,2018-04-24 17:38:07,false,"Bang Phli Road Cycling","70.47","849","02:03:15","144","172","--","--","--","34.3","57.5","8","23","0.00","0.0","0.0","73","125","135","50% L / 50% R","93.5","140","115","651","0.0","0.0","8423","0:00","27.0","0:00","No","00:00.00","1","0.0"
road_biking,2018-04-23 17:48:16,false,"Bang Phli Road Cycling","53.46","625","01:50:50","131","157","--","--","--","28.9","39.9","11","15","0.00","0.0","0.0","81","199","109","50% L / 50% R","54.9","133","94","1,015","0.0","0.0","8319","0:00","27.0","0:00","No","00:00.00","1","0.0"
road_biking,2018-04-22 06:23:09,false,"Bang Phli Road Cycling","70.41","869","02:04:53","149","191","--","--","--","33.8","47.3","17","25","0.00","0.0","0.0","77","111","127","50% L / 50% R","83.4","136","116","578","0.0","0.0","8959","0:00","25.0","0:00","No","00:00.00","1","0.0"
road_biking,2018-04-21 06:20:43,false,"Bang Phli Road Cycling","69.47","748","02:02:32","153","176","--","--","--","34.0","46.3","14","22","0.00","0.0","0.0","70","125","111","50% L / 50% R","62.6","132","102","581","0.0","0.0","7443","0:00","25.0","0:00","No","00:00.00","1","0.0"
road_biking,2018-04-18 17:42:42,false,"Bang Phli Road Cycling","70.37","1,004","02:07:47","151","173","--","--","--","33.0","47.1","16","20","0.00","0.0","0.0","84","116","139","--","103.2","147","131","601","0.0","0.0","10767","0:00","25.0","0:00","No","00:00.00","1","0.0"
road_biking,2018-04-17 17:56:47,false,"Bang Phli Road Cycling","23.41","331","00:44:18","143","173","--","--","--","31.7","40.5","8","9","0.00","0.0","0.0","88","115","139","--","35.4","152","125","348","0.0","0.0","3911","0:00","20.0","0:00","No","00:00.00","1","0.0"
road_biking,2018-04-11 18:05:56,false,"Bang Phli Road Cycling","46.98","604","01:20:18","150","175","--","--","--","35.1","56.3","11","19","0.00","0.0","0.0","88","125","147","--","72.1","152","125","775","0.0","0.0","7001","0:00","26.0","0:00","No","00:00.00","1","0.0"
road_biking,2018-04-10 18:40:35,false,"Bang Phli Road Cycling","23.38","361","00:42:12","154","171","--","--","--","33.2","42.2","5","10","0.00","0.0","0.0","95","117","151","--","39.5","154","143","342","0.0","0.0","3989","0:00","26.0","0:00","No","00:00.00","1","0.0"
road_biking,2018-04-08 06:30:51,false,"Bang Phli Road Cycling","93.85","1,097","02:56:18","128","155","--","--","--","31.9","42.2","13","24","0.00","0.0","0.0","84","114","112","--","91.5","118","104","635","0.0","0.0","14526","0:00","18.0","0:00","No","00:00.00","1","0.0"
road_biking,2018-04-07 16:50:33,false,"Bang Phli Road Cycling","117.36","1,562","03:24:54","140","165","--","--","--","34.4","50.8","34","47","0.00","0.0","0.0","81","118","139","--","165.2","159","127","666","0.0","0.0","16498","0:00","20.0","0:00","No","00:00.00","1","0.0"
road_biking,2018-04-06 17:35:13,false,"Bang Phli Road Cycling","70.36","851","02:15:23","134","167","--","--","--","31.2","55.1","18","28","0.00","0.0","0.0","81","114","127","--","90.8","146","105","699","0.0","0.0","10739","0:00","26.0","0:00","No","00:00.00","1","0.0"
road_biking,2018-04-02 18:13:56,false,"Bang Phli Road Cycling","46.91","613","01:21:24","148","167","--","--","--","34.6","56.7","11","27","0.00","0.0","0.0","84","115","149","--","74.4","138","126","702","0.0","0.0","6758","0:00","25.0","0:00","No","00:00.00","1","0.0"
road_biking,2018-04-01 06:35:15,false,"Bang Phli Road Cycling","140.71","1,707","04:08:54","141","168","--","--","--","33.9","46.6","35","50","0.00","0.0","0.0","80","118","123","--","155.7","140","114","693","0.0","0.0","19779","0:00","23.0","0:00","No","00:00.00","1","0.0"
road_biking,2018-03-31 06:44:28,false,"Bang Phli Road Cycling","96.00","1,093","02:45:59","149","173","--","--","--","34.7","46.0","36","52","0.00","0.0","0.0","85","124","125","--","107.1","131","110","641","0.0","0.0","13953","0:00","23.0","0:00","No","00:00.00","1","0.0"
road_biking,2018-03-28 17:41:02,false,"Bang Phli Road Cycling","70.40","867","02:03:11","142","173","--","--","--","34.3","56.3","28","34","0.00","0.0","0.0","90","129","134","--","91.2","136","117","703","0.0","0.0","11017","0:00","26.0","0:00","No","00:00.00","1","0.0"
road_biking,2018-03-27 17:50:42,false,"Bang Phli Road Cycling","70.33","969","02:11:30","148","170","--","--","--","32.1","46.5","18","25","0.00","0.0","0.0","84","115","132","--","95.8","147","123","647","0.0","0.0","10893","0:00","24.0","0:00","No","00:00.00","1","0.0"
road_biking,2018-03-25 08:35:20,false,"Lat Krabang Road Cycling","23.47","219","00:42:41","134","160","--","--","--","33.0","39.4","5","8","0.00","0.0","0.0","70","88","91","--","14.6","94","86","376","0.0","0.0","2911","0:00","27.0","0:00","No","00:00.00","1","0.0"
road_biking,2018-03-25 06:42:48,false,"Lat Krabang Road Cycling","70.45","776","01:51:30","145","177","--","--","--","37.9","48.4","29","40","0.00","0.0","0.0","84","122","125","--","72.8","134","116","647","0.0","0.0","9251","0:00","24.0","0:00","No","00:00.00","1","0.0"
road_biking,2018-03-24 18:05:56,false,"Lat Krabang Road Cycling","46.88","543","01:23:02","134","165","--","--","--","33.9","53.5","8","10","0.00","0.0","0.0","86","133","121","50% L / 50% R","50.0","124","109","621","0.0","0.0","6899","0:00","27.0","0:00","No","00:00.00","1","0.0"
road_biking,2018-03-24 06:29:10,false,"Lat Krabang Road Cycling","93.89","1,141","02:56:54","142","168","--","--","--","31.8","47.0","22","30","0.00","0.0","0.0","75","112","117","--","100.5","136","108","668","0.0","0.0","13220","0:00","23.0","0:00","No","00:00.00","1","0.0"
road_biking,2018-03-21 17:42:22,false,"Lat Krabang Road Cycling","70.35","855","02:20:20","132","168","--","--","--","30.1","38.8","16","24","0.00","0.0","0.0","81","109","113","--","73.8","131","102","542","0.0","0.0","11352","0:00","25.0","0:00","No","00:00.00","1","0.0"
road_biking,2018-03-19 18:05:26,false,"Lat Krabang Road Cycling","46.86","587","01:34:28","125","167","--","--","--","29.8","54.1","12","19","0.00","0.0","0.0","77","112","132","--","67.9","140","104","720","0.0","0.0","7172","0:00","25.0","0:00","No","00:00.00","1","0.0"
road_biking,2018-03-18 06:37:54,false,"Lat Krabang Road Cycling","46.91","610","01:29:57","133","153","--","--","--","31.3","38.5","6","10","0.00","0.0","0.0","73","94","124","50% L / 50% R","57.8","126","113","352","0.0","0.0","6549","0:00","23.0","0:00","No","00:00.00","1","0.0"
road_biking,2018-03-17 07:00:10,false,"Khamphaeng Saen Road Cycling","202.82","2,375","07:25:02","142","181","--","--","--","27.3","43.5","149","132","0.00","0.0","0.0","76","122","106","--","210.1","127","89","675","0.0","0.0","28467","0:00","22.0","0:00","No","00:00.00","1","0.0"
road_biking,2018-03-12 17:50:33,false,"Lat Krabang Road Cycling","70.32","946","02:11:55","140","170","--","--","--","32.0","46.7","15","20","0.00","0.0","0.0","82","122","131","--","93.5","149","120","586","0.0","0.0","10852","0:00","24.0","0:00","No","00:00.00","1","0.0"
road_biking,2018-03-11 17:49:54,false,"Lat Krabang Road Cycling","46.90","606","01:27:42","137","166","--","--","--","32.1","40.5","6","9","0.00","0.0","0.0","84","117","122","--","54.2","130","115","397","0.0","0.0","7337","0:00","25.0","0:00","No","00:00.00","1","0.0"
road_biking,2018-03-10 06:48:50,false,"Lat Krabang Road Cycling","93.92","1,199","02:58:40","132","171","--","--","--","31.5","44.4","36","47","0.00","0.0","0.0","71","134","134","50% L / 50% R","132.8","136","112","901","0.0","0.0","11811","0:00","19.0","0:00","No","00:00.00","1","0.0"
road_biking,2018-03-07 17:06:42,false,"Lat Krabang Road Cycling","70.39","858","01:59:20","149","170","--","--","--","35.4","47.6","26","26","0.00","0.0","0.0","75","114","134","50% L / 50% R","89.1","143","120","655","0.0","0.0","8304","0:00","25.0","0:00","No","00:00.00","1","0.0"
road_biking,2018-03-06 18:55:15,false,"Lat Krabang Road Cycling","23.44","267","00:42:10","138","160","--","--","--","33.3","47.5","11","12","0.00","0.0","0.0","75","127","159","50% L / 50% R","43.9","122","106","607","0.0","0.0","2965","0:00","26.0","0:00","No","00:00.00","1","0.0"
road_biking,2018-03-06 18:17:38,false,"Lat Krabang Road Cycling","23.38","274","00:37:05","151","178","--","--","--","37.8","49.3","11","15","0.00","0.0","0.0","77","118","141","50% L / 50% R","30.2","130","123","604","0.0","0.0","2593","0:00","26.0","0:00","No","00:00.00","1","0.0"
road_biking,2018-03-04 07:00:48,false,"Nong Chok Road Cycling","217.53","2,606","07:44:14","141","176","--","--","--","28.1","45.4","351","323","0.00","0.0","0.0","77","126","112","--","243.6","137","94","1,006","0.0","0.0","31455","0:00","23.0","0:00","No","00:00.00","1","0.0"
road_biking,2018-03-03 06:56:33,false,"Bang Khun Thian Road Cycling","124.21","1,410","04:01:04","134","176","--","--","--","30.9","57.6","134","143","0.00","0.0","0.0","75","141","120","--","144.1","128","97","716","0.0","0.0","15649","0:00","24.0","0:00","No","00:00.00","1","0.0"
road_biking,2018-03-01 06:26:49,false,"Lat Krabang Road Cycling","93.99","1,123","02:39:43","154","184","--","--","--","35.3","49.8","24","37","0.00","0.0","0.0","83","122","129","--","110.2","144","117","616","0.0","0.0","13163","0:00","22.0","0:00","No","00:00.00","1","0.0"
road_biking,2018-02-27 17:35:03,false,"Lat Krabang Road Cycling","23.34","306","00:41:41","149","166","--","--","--","33.6","45.3","21","30","0.00","0.0","0.0","82","138","134","50% L / 50% R","30.6","135","123","423","0.0","0.0","3224","0:00","23.0","0:00","No","00:00.00","1","0.0"
road_biking,2018-02-26 17:51:28,false,"Lat Krabang Road Cycling","23.42","281","00:35:21","155","183","--","--","--","39.8","51.6","5","11","0.00","0.0","0.0","82","126","147","50% L / 50% R","31.6","141","133","594","0.0","0.0","2697","0:00","26.0","0:00","No","00:00.00","1","0.0"
road_biking,2018-02-25 06:56:28,false,"Lat Krabang Road Cycling","70.29","933","02:12:19","147","169","--","--","--","31.9","37.8","15","19","0.00","0.0","0.0","83","112","122","--","82.0","132","118","484","0.0","0.0","10940","0:00","22.0","0:00","No","00:00.00","1","0.0"
road_biking,2018-02-24 18:26:44,false,"Lat Krabang Road Cycling","23.45","322","00:45:29","155","169","--","--","--","30.9","39.6","5","11","0.00","0.0","0.0","78","115","126","50% L / 50% R","29.6","129","118","370","0.0","0.0","3383","0:00","25.0","0:00","No","00:00.00","1","0.0"
road_biking,2018-02-24 17:45:33,false,"Lat Krabang Road Cycling","23.41","353","00:40:56","157","174","--","--","--","34.3","44.3","5","10","0.00","0.0","0.0","93","131","151","50% L / 50% R","38.2","158","144","407","0.0","0.0","3721","0:00","26.0","0:00","No","00:00.00","1","0.0"
road_biking,2018-02-21 17:59:16,false,"Lat Krabang Road Cycling","46.86","583","01:32:53","147","167","--","--","--","30.3","54.8","19","27","0.00","0.0","0.0","89","132","125","50% L / 50% R","60.0","126","105","657","0.0","0.0","7958","0:00","24.0","0:00","No","00:00.00","1","0.0"
road_biking,2018-02-18 12:23:22,false,"Lat Krabang Road Cycling","46.91","617","01:27:46","142","177","--","--","--","32.1","53.3","26","29","0.00","0.0","0.0","91","126","141","--","71.9","130","117","712","0.0","0.0","7744","0:00","24.0","0:00","No","00:00.00","1","0.0"
road_biking,2018-02-18 06:43:00,false,"Lat Krabang Road Cycling","93.95","1,126","02:47:28","153","174","--","--","--","33.7","51.2","24","33","0.00","0.0","0.0","88","121","121","--","101.3","136","112","667","0.0","0.0","14592","0:00","22.0","0:00","No","00:00.00","1","0.0"
road_biking,2018-02-13 20:41:48,false,"Lat Krabang Road Cycling","70.48","760","02:02:15","145","166","--","--","--","34.6","45.1","19","31","0.00","0.0","0.0","88","121","110","--","61.3","121","104","444","0.0","0.0","10613","0:00","22.0","0:00","No","00:00.00","1","0.0"
road_biking,2018-02-13 07:08:05,false,"Muang Chiang Mai Road Cycling","22.49","479","01:35:46","126","163","--","--","--","14.1","49.0","631","645","0.00","0.0","0.0","71","110","114","--","51.4","105","83","378","0.0","0.0","5272","0:00","15.0","0:00","No","00:00.00","1","0.0"
road_biking,2018-02-12 06:59:42,false,"Muang Chiang Mai Road Cycling","30.82","751","02:17:46","121","170","--","--","--","13.4","51.7","978","975","0.00","0.0","0.0","68","112","122","--","85.0","131","91","447","0.0","0.0","7208","0:00","13.0","0:00","No","00:00.00","1","0.0"
road_biking,2018-02-11 09:13:30,false,"Mae Chaem Road Cycling","4.39","2","00:11:44","127","150","--","--","--","22.4","49.9","3","363","0.00","0.0","0.0","40","50","31","--","0.5","--","4","111","0.0","0.0","32","0:00","18.0","0:00","No","00:00.00","1","0.0"
road_biking,2018-02-11 05:21:57,false,"Doi Lor Road Cycling","45.60","1,729","03:40:36","144","181","--","--","--","12.4","59.9","2,287","142","0.00","0.0","0.0","66","141","144","--","189.8","161","131","624","0.0","0.0","14240","0:00","12.0","0:00","No","00:00.00","1","0.0"
road_biking,2018-02-10 08:20:11,false,"Muang Chiang Mai Road Cycling","44.46","535","02:28:24","120","165","--","--","--","18.0","52.7","196","192","0.00","0.0","0.0","78","124","112","--","78.0","101","60","648","0.0","0.0","6539","0:00","17.0","0:00","No","00:00.00","1","0.0"
road_biking,2018-02-06 17:48:14,false,"Lat Krabang Road Cycling","47.05","606","01:33:07","135","153","--","--","--","30.3","35.5","12","17","0.00","0.0","0.0","86","104","120","--","55.3","128","109","340","0.0","0.0","7916","0:00","21.0","0:00","No","00:00.00","1","0.0"
road_biking,2018-02-05 18:08:06,false,"Lat Krabang Road Cycling","47.05","491","01:23:22","135","156","--","--","--","33.9","46.3","14","22","0.00","0.0","0.0","89","117","117","--","47.1","123","98","716","0.0","0.0","7300","0:00","21.0","0:00","No","00:00.00","1","0.0"
road_biking,2018-02-04 06:53:36,false,"Bang Khun Thian Road Cycling","250.13","2,581","08:18:50","123","166","--","--","--","30.1","51.1","301","300","0.00","0.0","0.0","80","135","112","--","260.8","128","86","714","0.0","0.0","34445","0:00","18.0","0:00","No","00:00.00","1","0.0"
indoor_cycling,2018-02-02 21:35:17,false,"Indoor Cycling","0.00","43","00:13:48","--","--","--","--","--","--","--","--","--","0.00","0.0","0.0","66","92","83","--","3.9","34","53","219","0.0","0.0","535","0:00","21.0","0:00","No","00:00.00","1","0.0"
walking,2018-02-01 19:40:08,false,"Walking","7.31","358","01:32:40","78","111","--","--","--","12:41","3:42","--","--","0.00","0.0","0.0","--","--","--","--","0.0","--","--","--","0.0","0.0","--","0:00","0.0","0:00","No","00:00.00","8","0.0"
cycling,2018-01-30 19:04:00,false,"Lat Krabang Cycling","23.50","258","00:40:10","152","166","--","--","--","35.1","49.8","8","12","0.00","0.0","0.0","92","114","130","--","27.8","123","107","644","0.0","0.0","3622","0:00","24.0","0:00","No","00:00.00","1","0.0"
cycling,2018-01-30 17:16:00,false,"Lat Krabang Cycling","46.88","664","01:29:14","144","171","--","--","--","31.5","38.5","3","9","0.00","0.0","0.0","83","119","133","--","65.8","156","124","435","0.0","0.0","7409","0:00","24.0","0:00","No","00:00.00","1","0.0"
cycling,2018-01-28 23:40:34,false,"Lat Krabang Cycling","46.91","635","01:23:03","160","177","--","--","--","33.9","49.1","17","24","0.00","0.0","0.0","85","115","141","--","68.8","149","128","618","0.0","0.0","6995","0:00","24.0","0:00","No","00:00.00","1","0.0"
cycling,2018-01-21 22:32:27,false,"Lat Krabang Cycling","70.41","808","02:03:53","141","172","--","--","--","34.1","50.1","10","18","0.00","0.0","0.0","85","115","129","--","86.2","136","109","682","0.0","0.0","10406","0:00","26.0","0:00","No","00:00.00","1","0.0"
cycling,2018-01-21 20:38:46,false,"Lat Krabang Cycling","46.80","532","01:32:34","131","166","--","--","--","30.3","54.8","19","21","0.00","0.0","0.0","85","136","121","--","56.4","126","96","633","0.0","0.0","7704","0:00","24.0","0:00","No","00:00.00","1","0.0"
cycling,2018-01-20 21:18:54,false,"Nong Chok Cycling","210.85","2,819","07:24:04","146","181","--","--","--","28.5","50.2","295","276","0.00","0.0","0.0","82","148","123","--","280.5","134","106","1,286","0.0","0.0","31610","0:00","19.0","0:00","No","00:00.00","2","0.0"
cycling,2018-01-20 06:48:57,false,"Lat Krabang Cycling","118.00","1,315","03:09:42","150","176","--","--","--","37.3","52.3","7","10","0.00","0.0","0.0","85","116","133","--","140.0","138","116","657","0.0","0.0","15847","0:00","22.0","0:00","No","00:00.00","1","0.0"
cycling,2018-01-18 08:55:11,false,"Bang Khen Cycling","60.37","935","02:03:41","142","164","--","--","--","29.3","43.5","30","38","0.00","0.0","0.0","85","107","138","50% L / 50% R","97.9","137","126","558","0.0","0.0","9560","0:00","23.0","0:00","No","00:00.00","1","0.0"
cycling,2018-01-17 18:15:38,false,"Lat Krabang Cycling","47.11","574","01:22:54","149","174","--","--","--","34.1","49.7","6","11","0.00","0.0","0.0","87","110","137","--","64.8","129","116","552","0.0","0.0","7176","0:00","24.0","0:00","No","00:00.00","1","0.0"
cycling,2018-01-15 17:05:14,false,"Lat Krabang Cycling","70.59","893","02:16:34","145","178","--","--","--","31.0","38.1","8","16","0.00","0.0","0.0","84","100","119","--","80.1","156","109","319","0.0","0.0","11457","0:00","22.0","0:00","No","00:00.00","1","0.0"
cycling,2018-01-14 17:43:40,false,"Lat Krabang Cycling","46.87","615","01:32:29","136","169","--","--","--","30.4","41.9","7","10","0.00","0.0","0.0","85","101","122","50% L / 50% R","56.9","141","111","351","0.0","0.0","7764","0:00","21.0","0:00","No","00:00.00","1","0.0"
cycling,2018-01-10 17:57:06,false,"Lat Krabang Cycling","46.86","679","01:31:07","141","170","--","--","--","30.9","38.9","7","13","0.00","0.0","0.0","86","106","134","50% L / 50% R","67.9","155","124","432","0.0","0.0","7708","0:00","20.0","0:00","No","00:00.00","1","0.0"
cycling,2018-01-07 06:31:52,false,"Muang Nonthaburi Cycling","208.85","2,313","06:59:30","135","163","--","--","--","29.9","43.7","135","118","0.00","0.0","0.0","80","124","103","--","185.8","108","92","722","0.0","0.0","30859","0:00","22.0","0:00","No","00:00.00","1","0.0"
cycling,2018-01-06 08:21:10,false,"Pak Phli Cycling","111.18","2,010","05:50:15","141","186","--","--","--","19.0","74.5","2,306","1,950","0.00","0.0","0.0","74","130","132","--","252.7","143","96","573","0.0","0.0","20790","0:00","20.0","0:00","No","00:00.00","1","0.0"
cycling,2018-01-04 17:35:00,false,"Lat Krabang Cycling","70.46","752","01:58:27","147","174","--","--","--","35.7","44.2","23","24","0.00","0.0","0.0","85","114","121","--","71.5","136","106","580","0.0","0.0","9960","0:00","25.0","0:00","No","00:00.00","1","0.0"
cycling,2018-01-03 17:52:39,false,"Lat Krabang Cycling","46.88","539","01:22:33","145","174","--","--","--","34.1","46.2","9","17","0.00","0.0","0.0","78","109","129","--","56.5","127","109","586","0.0","0.0","6370","0:00","24.0","0:00","No","00:00.00","1","0.0"
cycling,2018-01-03 17:13:36,false,"Lat Krabang Cycling","23.45","289","00:38:56","151","173","--","--","--","36.1","43.6","8","9","0.00","0.0","0.0","88","107","138","--","30.6","151","124","592","0.0","0.0","3408","0:00","25.0","0:00","No","00:00.00","1","0.0"
cycling,2018-01-02 06:31:10,false,"Lat Krabang Cycling","70.45","890","02:16:27","141","176","--","--","--","31.0","43.5","13","15","0.00","0.0","0.0","80","105","122","--","84.2","135","109","603","0.0","0.0","10831","0:00","18.0","0:00","No","00:00.00","1","0.0"
cycling,2017-12-25 17:36:38,false,"Lat Krabang Cycling","70.33","727","02:27:18","125","153","--","--","--","28.6","41.3","8","13","0.00","0.0","0.0","83","120","93","--","52.8","103","82","422","0.0","0.0","12061","0:00","22.0","0:00","No","00:00.00","1","0.0"
cycling,2017-12-23 06:00:52,false,"San Kamphaeng Cycling","330.80","4,501","16:06:33","133","189","--","--","--","20.5","77.0","4,430","4,415","0.00","0.0","0.0","67","121","106","50% L / 50% R","437.7","125","79","713","0.0","0.0","48767","0:00","6.0","0:00","No","00:00.00","1","0.0"
running,2017-12-18 19:20:07,false,"Bang Khen Running","10.37","609","01:03:13","155","179","4.6","156","162","6:06","5:02","1","11","1.05","0.0","0.0","--","--","--","--","0.0","--","--","--","0.0","0.0","--","0:00","22.0","0:00","No","00:00.00","7","0.0"
cycling,2017-12-17 06:56:30,false,"Thung Khru Cycling","200.20","1,664","06:43:45","116","166","--","--","--","29.8","50.8","240","216","0.00","0.0","0.0","74","132","96","--","67.2","102","69","721","0.0","0.0","24073","0:00","22.0","0:00","No","00:00.00","1","0.0"
cycling,2017-12-16 07:32:33,false,"Sam Khok Cycling","86.01","1,079","02:43:48","150","177","--","--","--","31.5","41.2","36","46","0.00","0.0","0.0","85","111","118","--","40.9","133","110","478","0.0","0.0","13646","0:00","23.0","0:00","No","00:00.00","1","0.0"
running,2017-12-13 19:56:45,false,"Bang Khen Running","10.30","636","01:07:00","155","173","4.2","158","162","6:30","5:01","--","5","0.98","0.0","0.0","--","--","--","--","0.0","--","--","--","0.0","0.0","--","0:00","28.0","0:00","No","00:00.00","7","0.0"
cycling,2017-12-10 07:18:27,false,"Sam Khok Cycling","87.63","971","02:34:34","136","173","--","--","--","34.0","47.8","47","53","0.00","0.0","0.0","74","128","122","50% L / 50% R","41.3","129","105","591","0.0","0.0","10047","0:00","19.0","0:00","No","00:00.00","1","0.0"
cycling,2017-12-09 07:07:33,false,"Sam Khok Cycling","109.68","1,300","03:16:46","147","177","--","--","--","33.4","47.9","65","74","0.00","0.0","0.0","75","133","125","50% L / 50% R","54.9","134","110","526","0.0","0.0","12997","0:00","20.0","0:00","No","00:00.00","1","0.0"
cycling,2017-12-05 06:51:41,false,"Bang Bon Cycling","178.04","1,636","05:30:00","129","166","--","--","--","32.4","48.5","192","198","0.00","0.0","0.0","81","126","96","--","27.3","99","80","513","0.0","0.0","12175","0:00","23.0","0:00","No","00:00.00","1","0.0"
cycling,2017-12-03 07:00:26,false,"Muang Nakhon Sawan Cycling","213.65","2,298","07:30:27","143","180","--","--","--","28.5","55.1","719","694","0.00","0.0","0.0","79","141","107","--","89.5","126","85","1,306","0.0","0.0","29018","0:00","19.0","0:00","No","00:00.00","1","0.0"
cycling,2017-12-02 07:20:24,false,"Sam Khok Cycling","90.05","938","02:42:07","146","170","--","--","--","33.3","48.3","73","82","0.00","0.0","0.0","86","117","114","--","37.6","113","96","521","0.0","0.0","12765","0:00","22.0","0:00","No","00:00.00","1","0.0"
running,2017-11-30 20:49:31,false,"Bang Khen Running","7.48","449","00:46:45","157","172","3.9","158","164","6:15","4:52","--","1","1.01","0.0","0.0","--","--","--","--","0.0","--","--","--","0.0","0.0","--","0:00","27.0","0:00","No","00:00.00","5","0.0"
running,2017-11-28 19:50:30,false,"Bang Khen Running","10.17","633","01:05:20","159","173","4.5","158","162","6:25","5:40","--","2","0.99","0.0","0.0","--","--","--","--","0.0","--","--","--","0.0","0.0","--","0:00","26.0","0:00","No","00:00.00","7","0.0"
running,2017-11-25 19:03:21,false,"Bang Khen Running","10.11","585","01:03:25","155","177","4.4","158","162","6:16","5:17","--","5","1.02","0.0","0.0","--","--","--","--","0.0","--","--","--","0.0","0.0","--","0:00","26.0","0:00","No","00:00.00","7","0.0"
cycling,2017-11-23 18:32:23,false,"Bang Khen Cycling","75.07","1,063","02:39:02","141","175","--","--","--","28.3","41.5","43","55","0.00","0.0","0.0","82","115","124","50% L / 50% R","43.8","128","111","552","0.0","0.0","12009","0:00","26.0","0:00","No","00:00.00","1","0.0"
running,2017-11-21 18:27:25,false,"Bang Khen Running","10.27","619","01:07:05","155","166","4.0","156","160","6:32","5:28","--","11","0.98","0.0","0.0","--","--","--","--","0.0","--","--","--","0.0","0.0","--","0:00","29.0","0:00","No","00:00.00","7","0.0"
cycling,2017-11-19 06:47:27,false,"Sam Khok Cycling","160.38","1,742","05:18:17","136","166","--","--","--","30.2","44.2","117","106","0.00","0.0","0.0","76","117","120","50% L / 50% R","81.9","121","91","939","0.0","0.0","19466","0:00","24.0","0:00","No","00:00.00","1","0.0"
running,2017-11-18 18:38:23,false,"Bang Khen Running","10.30","649","01:10:36","154","169","4.3","158","162","6:51","6:00","--","9","0.92","0.0","0.0","--","--","--","--","0.0","--","--","--","0.0","0.0","--","0:00","29.0","0:00","No","00:00.00","7","0.0"
running,2017-11-15 19:58:31,false,"Bang Khen Running","6.46","400","00:43:10","154","178","3.7","156","166","6:41","4:44","--","2","0.95","0.0","0.0","--","--","--","--","0.0","--","--","--","0.0","0.0","--","0:00","27.0","0:00","No","00:00.00","5","0.0"
cycling,2017-11-14 18:23:14,false,"Sai Mai Cycling","90.53","1,154","03:18:25","137","170","--","--","--","27.4","39.3","30","43","0.00","0.0","0.0","76","123","102","50% L / 50% R","36.9","103","97","624","0.0","0.0","14107","0:00","24.0","0:00","No","00:00.00","1","0.0"
running,2017-11-13 18:19:24,false,"Bang Khen Running","10.15","686","01:10:17","160","176","4.6","158","162","6:55","6:05","--","5","0.92","0.0","0.0","--","--","--","--","0.0","--","--","--","0.0","0.0","--","0:00","29.0","0:00","No","00:00.00","7","0.0"
